ds,table_name,relid,schemaname,relname,seq_scan,seq_tup_read,idx_scan,idx_tup_fetch,n_tup_ins,n_tup_upd,n_tup_del,n_tup_hot_upd,n_live_tup,n_dead_tup,n_mod_since_analyze,n_ins_since_vacuum,last_vacuum,last_autovacuum,last_analyze,last_autoanalyze,vacuum_count,autovacuum_count,analyze_count,autoanalyze_count,pg_table_size
1650409308.6532822,public.usertable,17799,public,usertable,1,0,0,0,100000,0,0,0,100000,0,100000,100000,,,,,0,0,0,0,117088256
1650409309.6569715,public.usertable,17799,public,usertable,1,0,0,0,100000,0,0,0,100000,0,100000,100000,,,,,0,0,0,0,117243904
1650409310.6602316,public.usertable,17799,public,usertable,1,0,0,0,100000,0,0,0,100000,0,100000,100000,,,,,0,0,0,0,117833728
1650409311.6631982,public.usertable,17799,public,usertable,1,0,0,0,100000,0,0,0,100000,0,100000,100000,,,,,0,0,0,0,118456320
1650409312.6667492,public.usertable,17799,public,usertable,1,0,0,0,100000,0,0,0,100000,0,100000,100000,,,,,0,0,0,0,119078912
1650409313.669357,public.usertable,17799,public,usertable,1,0,0,0,100000,0,0,0,100000,0,100000,100000,,,,,0,0,0,0,119726080
1650409314.6726274,public.usertable,17799,public,usertable,1,0,0,0,100000,0,0,0,100000,0,100000,100000,,,,,0,0,0,0,120381440
1650409315.6759787,public.usertable,17799,public,usertable,1,0,0,0,100000,0,0,0,100000,0,100000,100000,,,,,0,0,0,0,120963072
1650409316.6794722,public.usertable,17799,public,usertable,1,0,0,0,100000,0,0,0,100000,0,100000,100000,,,,,0,0,0,0,121569280
1650409317.6827288,public.usertable,17799,public,usertable,1,0,0,0,100000,0,0,0,100000,0,100000,100000,,,,,0,0,0,0,122159104
1650409318.6862485,public.usertable,17799,public,usertable,1,0,0,0,100000,0,0,0,100000,0,100000,100000,,,,,0,0,0,0,122716160
1650409319.6890168,public.usertable,17799,public,usertable,1,0,0,0,100000,0,0,0,100000,0,100000,100000,,,,,0,0,0,0,123289600
1650409320.69194,public.usertable,17799,public,usertable,1,0,0,0,100000,0,0,0,100000,0,100000,100000,,,,,0,0,0,0,123912192
1650409321.6951678,public.usertable,17799,public,usertable,1,0,0,0,100000,0,0,0,100000,0,100000,100000,,,,,0,0,0,0,124485632
1650409322.6984925,public.usertable,17799,public,usertable,1,0,0,0,100000,0,0,0,100000,0,100000,100000,,,,,0,0,0,0,125034496
1650409323.7011569,public.usertable,17799,public,usertable,1,0,0,0,100000,0,0,0,100000,0,100000,100000,,,,,0,0,0,0,125607936
1650409324.7043636,public.usertable,17799,public,usertable,1,0,0,0,100000,0,0,0,100000,0,100000,100000,,,,,0,0,0,0,126189568
1650409325.7078044,public.usertable,17799,public,usertable,1,0,0,0,100000,0,0,0,100000,0,100000,100000,,,,,0,0,0,0,126754816
1650409326.7107828,public.usertable,17799,public,usertable,1,0,0,0,100000,0,0,0,100000,0,100000,100000,,,,,0,0,0,0,127344640
1650409327.71427,public.usertable,17799,public,usertable,1,0,0,0,100000,0,0,0,100000,0,100000,100000,,,,,0,0,0,0,127934464
1650409328.7170262,public.usertable,17799,public,usertable,1,0,0,0,100000,0,0,0,100000,0,100000,100000,,,,,0,0,0,0,128524288
1650409329.720562,public.usertable,17799,public,usertable,1,0,0,0,100000,0,0,0,100000,0,100000,100000,,,,,0,0,0,0,129097728
1650409330.7235446,public.usertable,17799,public,usertable,1,0,0,0,100000,0,0,0,100000,0,100000,100000,,,,,0,0,0,0,129662976
1650409331.7270098,public.usertable,17799,public,usertable,1,0,0,0,100000,0,0,0,100000,0,100000,100000,,,,,0,0,0,0,130236416
1650409332.7299638,public.usertable,17799,public,usertable,1,0,0,0,100000,0,0,0,100000,0,100000,100000,,,,,0,0,0,0,130752512
1650409333.7330143,public.usertable,17799,public,usertable,1,0,0,0,100000,0,0,0,100000,0,100000,100000,,,,,0,0,0,0,131276800
1650409334.73638,public.usertable,17799,public,usertable,1,0,0,0,100000,0,0,0,100000,0,100000,100000,,,,,0,0,0,0,131825664
1650409335.7400432,public.usertable,17799,public,usertable,1,0,0,0,100000,0,0,0,100000,0,100000,100000,,,,,0,0,0,0,132399104
1650409336.7438724,public.usertable,17799,public,usertable,1,0,0,0,100000,0,0,0,100000,0,100000,100000,,,,,0,0,0,0,132956160
1650409337.7469513,public.usertable,17799,public,usertable,1,0,0,0,100000,0,0,0,100000,0,100000,100000,,,,,0,0,0,0,133513216
1650409338.7502785,public.usertable,17799,public,usertable,1,0,0,0,100000,0,0,0,100000,0,100000,100000,,,,,0,0,0,0,133890048
1650409339.7531023,public.usertable,17799,public,usertable,1,0,0,0,100000,0,0,0,100000,0,100000,100000,,,,,0,0,0,0,134389760
1650409340.7566264,public.usertable,17799,public,usertable,1,0,0,0,100000,0,0,0,100000,0,100000,100000,,,,,0,0,0,0,134905856
1650409341.7600803,public.usertable,17799,public,usertable,1,0,0,0,100000,0,0,0,100000,0,100000,100000,,,,,0,0,0,0,135413760
1650409342.7624571,public.usertable,17799,public,usertable,1,0,0,0,100000,0,0,0,100000,0,100000,100000,,,,,0,0,0,0,135979008
1650409343.76503,public.usertable,17799,public,usertable,1,0,0,0,100000,0,0,0,100000,0,100000,100000,,,,,0,0,0,0,136519680
1650409344.7677634,public.usertable,17799,public,usertable,1,0,0,0,100000,0,0,0,100000,0,100000,100000,,,,,0,0,0,0,137068544
1650409345.7713661,public.usertable,17799,public,usertable,1,0,0,0,100000,0,0,0,100000,0,100000,100000,,,,,0,0,0,0,137609216
1650409346.7748802,public.usertable,17799,public,usertable,1,0,0,0,100000,0,0,0,100000,0,100000,100000,,,,,0,0,0,0,138117120
1650409347.778438,public.usertable,17799,public,usertable,1,0,0,0,100000,0,0,0,100000,0,100000,100000,,,,,0,0,0,0,138698752
1650409348.781946,public.usertable,17799,public,usertable,1,0,0,0,100000,0,0,0,100000,0,100000,100000,,,,,0,0,0,0,139247616
1650409349.7850146,public.usertable,17799,public,usertable,1,0,0,0,100000,0,0,0,100000,0,100000,100000,,,,,0,0,0,0,139739136
1650409350.7882266,public.usertable,17799,public,usertable,1,0,0,0,100000,0,0,0,100000,0,100000,100000,,,,,0,0,0,0,140296192
1650409351.791496,public.usertable,17799,public,usertable,1,0,0,0,100000,0,0,0,100000,0,100000,100000,,,,,0,0,0,0,140787712
1650409352.794233,public.usertable,17799,public,usertable,1,0,0,0,100000,0,0,0,100000,0,100000,100000,,,,,0,0,0,0,141312000
1650409353.797466,public.usertable,17799,public,usertable,1,0,0,0,100000,0,0,0,100000,0,100000,100000,,,,,0,0,0,0,141836288
1650409354.8008664,public.usertable,17799,public,usertable,1,0,0,0,100000,0,0,0,100000,0,100000,100000,,,,,0,0,0,0,142385152
1650409355.804438,public.usertable,17799,public,usertable,1,0,0,0,100000,0,0,0,100000,0,100000,100000,,,,,0,0,0,0,142868480
1650409356.807714,public.usertable,17799,public,usertable,1,0,0,0,100000,0,0,0,100000,0,100000,100000,,,,,0,0,0,0,143400960
1650409357.8113182,public.usertable,17799,public,usertable,1,0,0,0,100000,0,0,0,100000,0,100000,100000,,,,,0,0,0,0,143925248
1650409358.814248,public.usertable,17799,public,usertable,1,0,0,0,100000,0,0,0,100000,0,100000,100000,,,,,0,0,0,0,144416768
1650409359.8177195,public.usertable,17799,public,usertable,1,0,0,0,100000,0,0,0,100000,0,100000,100000,,,,,0,0,0,0,144932864
1650409360.8208764,public.usertable,17799,public,usertable,1,0,0,0,100000,0,0,0,100000,0,100000,100000,,,,,0,0,0,0,145432576
1650409361.823939,public.usertable,17799,public,usertable,1,0,0,0,100000,0,0,0,100000,0,100000,100000,,,,,0,0,0,0,145956864
1650409362.8273184,public.usertable,17799,public,usertable,1,0,0,0,100000,0,0,0,100000,0,100000,100000,,,,,0,0,0,0,146497536
1650409363.830888,public.usertable,17799,public,usertable,1,0,0,0,100000,0,0,0,100000,0,100000,100000,,,,,0,0,0,0,147021824
1650409364.8344312,public.usertable,17799,public,usertable,1,0,0,0,100000,0,0,0,100000,0,100000,100000,,,,,0,0,0,0,147513344
1650409365.8377736,public.usertable,17799,public,usertable,1,0,0,0,100000,0,0,0,100000,0,100000,100000,,,,,0,0,0,0,147996672
1650409366.8410163,public.usertable,17799,public,usertable,1,0,0,0,100000,0,0,0,100000,0,100000,100000,,,,,0,0,0,0,148480000
1650409367.8444993,public.usertable,17799,public,usertable,1,0,0,0,100000,0,0,0,100000,0,100000,100000,,,,,0,0,0,0,148987904
1650409368.8479044,public.usertable,17799,public,usertable,1,0,0,0,100000,0,0,0,100000,0,100000,100000,,,,,0,0,0,0,149479424
1650409369.8511767,public.usertable,17799,public,usertable,1,0,0,0,100000,0,0,0,100000,0,100000,100000,,,,,0,0,0,0,149987328
1650409370.8542428,public.usertable,17799,public,usertable,1,0,0,0,100000,0,0,0,100000,0,100000,100000,,,,,0,0,0,0,150487040
1650409371.8570168,public.usertable,17799,public,usertable,1,0,0,0,100000,0,0,0,100000,0,100000,100000,,,,,0,0,0,0,151019520
1650409372.8602579,public.usertable,17799,public,usertable,1,0,0,0,100000,0,0,0,100000,0,100000,100000,,,,,0,0,0,0,151535616
1650409373.8638165,public.usertable,17799,public,usertable,1,0,0,0,100000,0,0,0,100000,0,100000,100000,,,,,0,0,0,0,152076288
1650409374.8670673,public.usertable,17799,public,usertable,1,0,0,0,100000,0,0,0,100000,0,100000,100000,,,,,0,0,0,0,152600576
1650409375.8705761,public.usertable,17799,public,usertable,1,0,0,0,100000,0,0,0,100000,0,100000,100000,,,,,0,0,0,0,153108480
1650409376.8740888,public.usertable,17799,public,usertable,1,0,0,0,100000,0,0,0,100000,0,100000,100000,,,,,0,0,0,0,153583616
1650409377.8775425,public.usertable,17799,public,usertable,1,0,0,0,100000,0,0,0,100000,0,100000,100000,,,,,0,0,0,0,154034176
1650409378.881013,public.usertable,17799,public,usertable,1,0,0,0,100000,0,0,0,100000,0,100000,100000,,,,,0,0,0,0,154525696
1650409379.8843033,public.usertable,17799,public,usertable,1,0,0,0,100000,0,0,0,100000,0,100000,100000,,,,,0,0,0,0,155009024
1650409380.8871765,public.usertable,17799,public,usertable,1,0,0,0,100000,0,0,0,100000,0,100000,100000,,,,,0,0,0,0,155525120
1650409381.8906965,public.usertable,17799,public,usertable,1,0,0,0,100000,0,0,0,100000,0,100000,100000,,,,,0,0,0,0,156041216
1650409382.893019,public.usertable,17799,public,usertable,1,0,0,0,100000,0,0,0,100000,0,100000,100000,,,,,0,0,0,0,156532736
1650409383.8965645,public.usertable,17799,public,usertable,1,0,0,0,100000,0,0,0,100000,0,100000,100000,,,,,0,0,0,0,157007872
1650409384.9001348,public.usertable,17799,public,usertable,1,0,0,0,100000,0,0,0,100000,0,100000,100000,,,,,0,0,0,0,157507584
1650409385.90356,public.usertable,17799,public,usertable,1,0,0,0,100000,0,0,0,100000,0,100000,100000,,,,,0,0,0,0,158015488
1650409386.9067929,public.usertable,17799,public,usertable,1,0,0,0,100000,0,0,0,100000,0,100000,100000,,,,,0,0,0,0,158539776
1650409387.9100552,public.usertable,17799,public,usertable,1,0,0,0,100000,0,0,0,100000,0,100000,100000,,,,,0,0,0,0,159064064
1650409388.9133525,public.usertable,17799,public,usertable,1,0,0,0,100000,0,0,0,100000,0,100000,100000,,,,,0,0,0,0,159580160
1650409389.9165285,public.usertable,17799,public,usertable,1,0,0,0,100000,0,0,0,100000,0,100000,100000,,,,,0,0,0,0,160104448
1650409390.9199414,public.usertable,17799,public,usertable,1,0,0,0,100000,0,0,0,100000,0,100000,100000,,,,,0,0,0,0,160595968
1650409391.9232156,public.usertable,17799,public,usertable,1,0,0,0,100000,0,0,0,100000,0,100000,100000,,,,,0,0,0,0,161103872
1650409392.9258955,public.usertable,17799,public,usertable,1,0,0,0,100000,0,0,0,100000,0,100000,100000,,,,,0,0,0,0,161603584
1650409393.9291475,public.usertable,17799,public,usertable,1,0,0,0,100000,0,0,0,100000,0,100000,100000,,,,,0,0,0,0,162103296
1650409394.9321191,public.usertable,17799,public,usertable,1,0,0,0,100000,0,0,0,100000,0,100000,100000,,,,,0,0,0,0,162643968
1650409395.9353032,public.usertable,17799,public,usertable,1,0,0,0,100000,0,0,0,100000,0,100000,100000,,,,,0,0,0,0,163160064
1650409396.9380589,public.usertable,17799,public,usertable,1,0,0,0,100000,0,0,0,100000,0,100000,100000,,,,,0,0,0,0,163692544
1650409397.941083,public.usertable,17799,public,usertable,1,0,0,0,100000,0,0,0,100000,0,100000,100000,,,,,0,0,0,0,164159488
1650409398.944472,public.usertable,17799,public,usertable,1,0,0,0,100000,0,0,0,100000,0,100000,100000,,,,,0,0,0,0,164675584
1650409399.9478595,public.usertable,17799,public,usertable,1,0,0,0,100000,0,0,0,100000,0,100000,100000,,,,,0,0,0,0,165216256
1650409400.9511158,public.usertable,17799,public,usertable,1,0,0,0,100000,0,0,0,100000,0,100000,100000,,,,,0,0,0,0,165675008
1650409401.9544036,public.usertable,17799,public,usertable,1,0,0,0,100000,0,0,0,100000,0,100000,100000,,,,,0,0,0,0,166158336
1650409402.9577432,public.usertable,17799,public,usertable,1,0,0,0,100000,0,0,0,100000,0,100000,100000,,,,,0,0,0,0,166666240
1650409403.96101,public.usertable,17799,public,usertable,1,0,0,0,100000,0,0,0,100000,0,100000,100000,,,,,0,0,0,0,167182336
1650409404.964341,public.usertable,17799,public,usertable,1,0,0,0,100000,0,0,0,100000,0,100000,100000,,,,,0,0,0,0,167706624
1650409405.9676611,public.usertable,17799,public,usertable,1,0,0,0,100000,0,0,0,100000,0,100000,100000,,,,,0,0,0,0,168189952
1650409406.9711385,public.usertable,17799,public,usertable,1,0,0,0,100000,0,0,0,100000,0,100000,100000,,,,,0,0,0,0,168648704
1650409407.9747207,public.usertable,17799,public,usertable,1,0,0,0,100000,0,0,0,100000,0,100000,100000,,,,,0,0,0,0,169140224
1650409408.9774013,public.usertable,17799,public,usertable,1,0,0,0,100000,0,0,0,100000,0,100000,100000,,,,,0,0,0,0,169639936
1650409409.980673,public.usertable,17799,public,usertable,1,0,0,0,100000,0,0,0,100000,0,100000,100000,,,,,0,0,0,0,170098688
1650409410.9839504,public.usertable,17799,public,usertable,1,0,0,0,100000,0,0,0,100000,0,100000,100000,,,,,0,0,0,0,170565632
1650409411.9874988,public.usertable,17799,public,usertable,1,0,0,0,100000,0,0,0,100000,0,100000,100000,,,,,0,0,0,0,171048960
1650409412.9904914,public.usertable,17799,public,usertable,1,0,0,0,100000,0,0,0,100000,0,100000,100000,,,,,0,0,0,0,171556864
1650409413.9939568,public.usertable,17799,public,usertable,1,0,0,0,100000,0,0,0,100000,0,100000,100000,,,,,0,0,0,0,172040192
1650409414.9965956,public.usertable,17799,public,usertable,1,0,0,0,100000,0,0,0,100000,0,100000,100000,,,,,0,0,0,0,172556288
1650409415.9998727,public.usertable,17799,public,usertable,1,0,0,0,100000,0,0,0,100000,0,100000,100000,,,,,0,0,0,0,173039616
1650409417.003145,public.usertable,17799,public,usertable,1,0,0,0,100000,0,0,0,100000,0,100000,100000,,,,,0,0,0,0,173555712
1650409418.0063956,public.usertable,17799,public,usertable,1,0,0,0,100000,0,0,0,100000,0,100000,100000,,,,,0,0,0,0,174047232
1650409419.0099962,public.usertable,17799,public,usertable,1,0,0,0,100000,0,0,0,100000,0,100000,100000,,,,,0,0,0,0,174505984
1650409420.013344,public.usertable,17799,public,usertable,1,0,0,0,100000,0,0,0,100000,0,100000,100000,,,,,0,0,0,0,174989312
1650409421.0167065,public.usertable,17799,public,usertable,1,0,0,0,100000,0,0,0,100000,0,100000,100000,,,,,0,0,0,0,175505408
1650409422.0189755,public.usertable,17799,public,usertable,1,0,0,0,100000,0,0,0,100000,0,100000,100000,,,,,0,0,0,0,175988736
1650409423.0217729,public.usertable,17799,public,usertable,1,0,0,0,100000,0,0,0,100000,0,100000,100000,,,,,0,0,0,0,176504832
1650409424.025135,public.usertable,17799,public,usertable,1,0,0,0,100000,0,0,0,100000,0,100000,100000,,,,,0,0,0,0,176979968
1650409425.0278587,public.usertable,17799,public,usertable,1,0,0,0,100000,0,0,0,100000,0,100000,100000,,,,,0,0,0,0,177496064
1650409426.0304005,public.usertable,17799,public,usertable,1,0,0,0,100000,0,0,0,100000,0,100000,100000,,,,,0,0,0,0,178012160
1650409427.0338109,public.usertable,17799,public,usertable,1,0,0,0,100000,0,0,0,100000,0,100000,100000,,,,,0,0,0,0,178536448
1650409428.036919,public.usertable,17799,public,usertable,1,0,0,0,100000,0,0,0,100000,0,100000,100000,,,,,0,0,0,0,179060736
1650409429.0401049,public.usertable,17799,public,usertable,1,0,0,0,100000,0,0,0,100000,0,100000,100000,,,,,0,0,0,0,179576832
1650409430.0440102,public.usertable,17799,public,usertable,1,0,0,0,100000,0,0,0,100000,0,100000,100000,,,,,0,0,0,0,180068352
1650409431.047308,public.usertable,17799,public,usertable,1,0,0,0,100000,0,0,0,100000,0,100000,100000,,,,,0,0,0,0,180568064
1650409432.050505,public.usertable,17799,public,usertable,1,0,0,0,100000,0,0,0,100000,0,100000,100000,,,,,0,0,0,0,181026816
1650409433.0531135,public.usertable,17799,public,usertable,1,0,0,0,100000,0,0,0,100000,0,100000,100000,,,,,0,0,0,0,181542912
1650409434.056606,public.usertable,17799,public,usertable,1,0,0,0,100000,0,0,0,100000,0,100000,100000,,,,,0,0,0,0,182059008
1650409435.059145,public.usertable,17799,public,usertable,1,0,0,0,100000,0,0,0,100000,0,100000,100000,,,,,0,0,0,0,182517760
1650409436.0624673,public.usertable,17799,public,usertable,1,0,0,0,100000,0,0,0,100000,0,100000,100000,,,,,0,0,0,0,183033856
1650409437.066146,public.usertable,17799,public,usertable,1,0,0,0,100000,0,0,0,100000,0,100000,100000,,,,,0,0,0,0,183517184
1650409438.0690188,public.usertable,17799,public,usertable,1,0,0,0,100000,0,0,0,100000,0,100000,100000,,,,,0,0,0,0,184025088
1650409439.0724788,public.usertable,17799,public,usertable,1,0,0,0,100000,0,0,0,100000,0,100000,100000,,,,,0,0,0,0,184524800
1650409440.0757663,public.usertable,17799,public,usertable,1,0,0,0,100000,0,0,0,100000,0,100000,100000,,,,,0,0,0,0,185040896
1650409441.0785894,public.usertable,17799,public,usertable,1,0,0,0,100000,0,0,0,100000,0,100000,100000,,,,,0,0,0,0,185491456
1650409442.0810933,public.usertable,17799,public,usertable,1,0,0,0,100000,0,0,0,100000,0,100000,100000,,,,,0,0,0,0,186007552
1650409443.0843468,public.usertable,17799,public,usertable,1,0,0,0,100000,0,0,0,100000,0,100000,100000,,,,,0,0,0,0,186499072
1650409444.0872202,public.usertable,17799,public,usertable,1,0,0,0,100000,0,0,0,100000,0,100000,100000,,,,,0,0,0,0,186966016
1650409445.0906878,public.usertable,17799,public,usertable,1,0,0,0,100000,0,0,0,100000,0,100000,100000,,,,,0,0,0,0,187482112
1650409446.0930161,public.usertable,17799,public,usertable,1,0,0,0,100000,0,0,0,100000,0,100000,100000,,,,,0,0,0,0,187932672
1650409447.0962431,public.usertable,17799,public,usertable,1,0,0,0,100000,0,0,0,100000,0,100000,100000,,,,,0,0,0,0,188391424
1650409448.0991826,public.usertable,17799,public,usertable,1,0,0,0,100000,0,0,0,100000,0,100000,100000,,,,,0,0,0,0,188874752
1650409449.1025765,public.usertable,17799,public,usertable,1,0,0,0,100000,0,0,0,100000,0,100000,100000,,,,,0,0,0,0,189349888
1650409450.1059346,public.usertable,17799,public,usertable,1,0,0,0,100000,0,0,0,100000,0,100000,100000,,,,,0,0,0,0,189849600
1650409451.11052,public.usertable,17799,public,usertable,1,0,0,0,100000,0,0,0,100000,0,100000,100000,,,,,0,0,0,0,190332928
1650409452.113029,public.usertable,17799,public,usertable,1,0,0,0,100000,0,0,0,100000,0,100000,100000,,,,,0,0,0,0,190824448
1650409453.1158786,public.usertable,17799,public,usertable,1,0,0,0,100000,0,0,0,100000,0,100000,100000,,,,,0,0,0,0,191299584
1650409454.1193306,public.usertable,17799,public,usertable,1,0,0,0,100000,0,0,0,100000,0,100000,100000,,,,,0,0,0,0,191832064
1650409455.1223474,public.usertable,17799,public,usertable,1,0,0,0,100000,0,0,0,100000,0,100000,100000,,,,,0,0,0,0,192339968
1650409456.12559,public.usertable,17799,public,usertable,1,0,0,0,100000,0,0,0,100000,0,100000,100000,,,,,0,0,0,0,192864256
1650409457.1288428,public.usertable,17799,public,usertable,1,0,0,0,100000,0,0,0,100000,0,100000,100000,,,,,0,0,0,0,193413120
1650409458.1313777,public.usertable,17799,public,usertable,1,0,0,0,100000,0,0,0,100000,0,100000,100000,,,,,0,0,0,0,193904640
1650409459.1347783,public.usertable,17799,public,usertable,1,0,0,0,100000,0,0,0,100000,0,100000,100000,,,,,0,0,0,0,194371584
1650409460.1381028,public.usertable,17799,public,usertable,1,0,0,0,100000,0,0,0,100000,0,100000,100000,,,,,0,0,0,0,194838528
1650409461.1410182,public.usertable,17799,public,usertable,1,0,0,0,100000,0,0,0,100000,0,100000,100000,,,,,0,0,0,0,195338240
1650409462.144545,public.usertable,17799,public,usertable,1,0,0,0,100000,0,0,0,100000,0,100000,100000,,,,,0,0,0,0,195829760
1650409463.1471682,public.usertable,17799,public,usertable,1,0,0,0,100000,0,0,0,100000,0,100000,100000,,,,,0,0,0,0,196280320
1650409464.1506903,public.usertable,17799,public,usertable,1,0,0,0,100000,0,0,0,100000,0,100000,100000,,,,,0,0,0,0,196747264
1650409465.1540484,public.usertable,17799,public,usertable,1,0,0,0,100000,0,0,0,100000,0,100000,100000,,,,,0,0,0,0,197238784
1650409466.157383,public.usertable,17799,public,usertable,1,0,0,0,100000,0,0,0,100000,0,100000,100000,,,,,0,0,0,0,197697536
1650409467.1609051,public.usertable,17799,public,usertable,1,0,0,0,100000,0,0,0,100000,0,100000,100000,,,,,0,0,0,0,198180864
1650409468.1641057,public.usertable,17799,public,usertable,1,0,0,0,100000,0,0,0,100000,0,100000,100000,,,,,0,0,0,0,198656000
1650409469.1676137,public.usertable,17799,public,usertable,1,0,0,0,100000,0,0,0,100000,0,100000,100000,,,,,0,0,0,0,199147520
1650409470.1712296,public.usertable,17799,public,usertable,1,0,0,0,100000,0,0,0,100000,0,100000,100000,,,,,0,0,0,0,199614464
1650409471.1744823,public.usertable,17799,public,usertable,1,0,0,0,100000,0,0,0,100000,0,100000,100000,,,,,0,0,0,0,200073216
1650409472.1777735,public.usertable,17799,public,usertable,1,0,0,0,100000,0,0,0,100000,0,100000,100000,,,,,0,0,0,0,200564736
1650409473.1810458,public.usertable,17799,public,usertable,1,0,0,0,100000,0,0,0,100000,0,100000,100000,,,,,0,0,0,0,201064448
1650409474.1835146,public.usertable,17799,public,usertable,1,0,0,0,100000,0,0,0,100000,0,100000,100000,,,,,0,0,0,0,201564160
1650409475.1870859,public.usertable,17799,public,usertable,1,0,0,0,100000,0,0,0,100000,0,100000,100000,,,,,0,0,0,0,202039296
1650409476.1905866,public.usertable,17799,public,usertable,1,0,0,0,100000,0,0,0,100000,0,100000,100000,,,,,0,0,0,0,202522624
1650409477.1930182,public.usertable,17799,public,usertable,1,0,0,0,100000,0,0,0,100000,0,100000,100000,,,,,0,0,0,0,203014144
1650409478.1965659,public.usertable,17799,public,usertable,1,0,0,0,100000,0,0,0,100000,0,100000,100000,,,,,0,0,0,0,203497472
1650409479.2000468,public.usertable,17799,public,usertable,1,0,0,0,100000,0,0,0,100000,0,100000,100000,,,,,0,0,0,0,203972608
1650409480.2035902,public.usertable,17799,public,usertable,1,0,0,0,100000,0,0,0,100000,0,100000,100000,,,,,0,0,0,0,204488704
1650409481.206935,public.usertable,17799,public,usertable,1,0,0,0,100000,0,0,0,100000,0,100000,100000,,,,,0,0,0,0,204972032
1650409482.2104938,public.usertable,17799,public,usertable,1,0,0,0,100000,0,0,0,100000,0,100000,100000,,,,,0,0,0,0,205463552
1650409483.2130177,public.usertable,17799,public,usertable,1,0,0,0,100000,0,0,0,100000,0,100000,100000,,,,,0,0,0,0,205905920
1650409484.2164226,public.usertable,17799,public,usertable,1,0,0,0,100000,0,0,0,100000,0,100000,100000,,,,,0,0,0,0,206364672
1650409485.219245,public.usertable,17799,public,usertable,1,0,0,0,100000,0,0,0,100000,0,100000,100000,,,,,0,0,0,0,206856192
1650409486.2225184,public.usertable,17799,public,usertable,1,0,0,0,100000,0,0,0,100000,0,100000,100000,,,,,0,0,0,0,207323136
1650409487.2259533,public.usertable,17799,public,usertable,1,0,0,0,100000,0,0,0,100000,0,100000,100000,,,,,0,0,0,0,207798272
1650409488.2292,public.usertable,17799,public,usertable,1,0,0,0,100000,0,0,0,100000,0,100000,100000,,,,,0,0,0,0,208297984
1650409489.232712,public.usertable,17799,public,usertable,1,0,0,0,100000,0,0,0,100000,0,100000,100000,,,,,0,0,0,0,208838656
1650409490.2351673,public.usertable,17799,public,usertable,1,0,0,0,100000,0,0,0,100000,0,100000,100000,,,,,0,0,0,0,209305600
1650409491.238365,public.usertable,17799,public,usertable,1,0,0,0,100000,0,0,0,100000,0,100000,100000,,,,,0,0,0,0,209772544
1650409492.2415798,public.usertable,17799,public,usertable,1,0,0,0,100000,0,0,0,100000,0,100000,100000,,,,,0,0,0,0,210223104
1650409493.2450862,public.usertable,17799,public,usertable,1,0,0,0,100000,0,0,0,100000,0,100000,100000,,,,,0,0,0,0,210731008
1650409494.2484155,public.usertable,17799,public,usertable,1,0,0,0,100000,0,0,0,100000,0,100000,100000,,,,,0,0,0,0,211197952
1650409495.2518868,public.usertable,17799,public,usertable,1,0,0,0,100000,0,0,0,100000,0,100000,100000,,,,,0,0,0,0,211714048
1650409496.255022,public.usertable,17799,public,usertable,1,0,0,0,100000,0,0,0,100000,0,100000,100000,,,,,0,0,0,0,212221952
1650409497.258542,public.usertable,17799,public,usertable,1,0,0,0,100000,0,0,0,100000,0,100000,100000,,,,,0,0,0,0,212721664
1650409498.2609818,public.usertable,17799,public,usertable,1,0,0,0,100000,0,0,0,100000,0,100000,100000,,,,,0,0,0,0,213237760
1650409499.2645488,public.usertable,17799,public,usertable,1,0,0,0,100000,0,0,0,100000,0,100000,100000,,,,,0,0,0,0,213696512
1650409500.2675984,public.usertable,17799,public,usertable,1,0,0,0,100000,0,0,0,100000,0,100000,100000,,,,,0,0,0,0,214171648
1650409501.2708213,public.usertable,17799,public,usertable,1,0,0,0,100000,0,0,0,100000,0,100000,100000,,,,,0,0,0,0,214671360
1650409502.2743938,public.usertable,17799,public,usertable,1,0,0,0,100000,0,0,0,100000,0,100000,100000,,,,,0,0,0,0,215121920
1650409503.2778695,public.usertable,17799,public,usertable,1,0,0,0,100000,0,0,0,100000,0,100000,100000,,,,,0,0,0,0,215572480
1650409504.2812922,public.usertable,17799,public,usertable,1,0,0,0,100000,0,0,0,100000,0,100000,100000,,,,,0,0,0,0,216047616
1650409505.284749,public.usertable,17799,public,usertable,1,0,0,0,100000,0,0,0,100000,0,100000,100000,,,,,0,0,0,0,216547328
1650409506.2907443,public.usertable,17799,public,usertable,1,0,0,0,100000,0,0,0,100000,0,100000,100000,,,,,0,0,0,0,217022464
1650409507.2930806,public.usertable,17799,public,usertable,1,0,0,0,100000,0,0,0,100000,0,100000,100000,,,,,0,0,0,0,217538560
1650409508.2964444,public.usertable,17799,public,usertable,1,0,0,0,100000,0,0,0,100000,0,100000,100000,,,,,0,0,0,0,218021888
1650409509.2990882,public.usertable,17799,public,usertable,1,0,0,0,100000,0,0,0,100000,0,100000,100000,,,,,0,0,0,0,218472448
1650409510.302615,public.usertable,17799,public,usertable,1,0,0,0,100000,0,0,0,100000,0,100000,100000,,,,,0,0,0,0,218963968
1650409511.3060806,public.usertable,17799,public,usertable,1,0,0,0,100000,0,0,0,100000,0,100000,100000,,,,,0,0,0,0,219480064
1650409512.3090184,public.usertable,17799,public,usertable,1,0,0,0,100000,0,0,0,100000,0,100000,100000,,,,,0,0,0,0,219955200
1650409513.3117154,public.usertable,17799,public,usertable,1,0,0,0,100000,0,0,0,100000,0,100000,100000,,,,,0,0,0,0,220430336
1650409514.3150342,public.usertable,17799,public,usertable,1,0,0,0,100000,0,0,0,100000,0,100000,100000,,,,,0,0,0,0,220913664
1650409515.3185072,public.usertable,17799,public,usertable,1,0,0,0,100000,0,0,0,100000,0,100000,100000,,,,,0,0,0,0,221364224
1650409516.3209214,public.usertable,17799,public,usertable,1,0,0,0,100000,0,0,0,100000,0,100000,100000,,,,,0,0,0,0,221782016
1650409517.324462,public.usertable,17799,public,usertable,1,0,0,0,100000,0,0,0,100000,0,100000,100000,,,,,0,0,0,0,222240768
1650409518.3275504,public.usertable,17799,public,usertable,1,0,0,0,100000,0,0,0,100000,0,100000,100000,,,,,0,0,0,0,222740480
1650409519.3308141,public.usertable,17799,public,usertable,1,0,0,0,100000,0,0,0,100000,0,100000,100000,,,,,0,0,0,0,223199232
1650409520.3340354,public.usertable,17799,public,usertable,1,0,0,0,100000,0,0,0,100000,0,100000,100000,,,,,0,0,0,0,223600640
1650409521.336731,public.usertable,17799,public,usertable,1,0,0,0,100000,0,0,0,100000,0,100000,100000,,,,,0,0,0,0,224026624
1650409522.3399746,public.usertable,17799,public,usertable,1,0,0,0,100000,0,0,0,100000,0,100000,100000,,,,,0,0,0,0,224526336
1650409523.3434324,public.usertable,17799,public,usertable,1,0,0,0,100000,0,0,0,100000,0,100000,100000,,,,,0,0,0,0,225017856
1650409524.3466406,public.usertable,17799,public,usertable,1,0,0,0,100000,0,0,0,100000,0,100000,100000,,,,,0,0,0,0,225476608
1650409525.3494706,public.usertable,17799,public,usertable,1,0,0,0,100000,0,0,0,100000,0,100000,100000,,,,,0,0,0,0,225959936
1650409526.3529382,public.usertable,17799,public,usertable,1,0,0,0,100000,0,0,0,100000,0,100000,100000,,,,,0,0,0,0,226394112
1650409527.3560169,public.usertable,17799,public,usertable,1,0,0,0,100000,0,0,0,100000,0,100000,100000,,,,,0,0,0,0,226869248
1650409528.3592472,public.usertable,17799,public,usertable,1,0,0,0,100000,0,0,0,100000,0,100000,100000,,,,,0,0,0,0,227328000
1650409529.3627381,public.usertable,17799,public,usertable,1,0,0,0,100000,0,0,0,100000,0,100000,100000,,,,,0,0,0,0,227745792
1650409530.3661733,public.usertable,17799,public,usertable,1,0,0,0,100000,0,0,0,100000,0,100000,100000,,,,,0,0,0,0,228196352
1650409531.3694174,public.usertable,17799,public,usertable,1,0,0,0,100000,0,0,0,100000,0,100000,100000,,,,,0,0,0,0,228704256
1650409532.3732896,public.usertable,17799,public,usertable,1,0,0,0,100000,0,0,0,100000,0,100000,100000,,,,,0,0,0,0,229212160
1650409533.3767774,public.usertable,17799,public,usertable,1,0,0,0,100000,0,0,0,100000,0,100000,100000,,,,,0,0,0,0,229711872
1650409534.3802893,public.usertable,17799,public,usertable,1,0,0,0,100000,0,0,0,100000,0,100000,100000,,,,,0,0,0,0,230113280
1650409535.383942,public.usertable,17799,public,usertable,1,0,0,0,100000,0,0,0,100000,0,100000,100000,,,,,0,0,0,0,230612992
1650409536.3875313,public.usertable,17799,public,usertable,1,0,0,0,100000,0,0,0,100000,0,100000,100000,,,,,0,0,0,0,231104512
1650409537.390864,public.usertable,17799,public,usertable,1,0,0,0,100000,0,0,0,100000,0,100000,100000,,,,,0,0,0,0,231571456
1650409538.3941436,public.usertable,17799,public,usertable,1,0,0,0,100000,0,0,0,100000,0,100000,100000,,,,,0,0,0,0,232046592
1650409539.3974783,public.usertable,17799,public,usertable,1,0,0,0,100000,0,0,0,100000,0,100000,100000,,,,,0,0,0,0,232505344
1650409540.4006293,public.usertable,17799,public,usertable,1,0,0,0,100000,0,0,0,100000,0,100000,100000,,,,,0,0,0,0,232988672
1650409541.4032307,public.usertable,17799,public,usertable,1,0,0,0,100000,0,0,0,100000,0,100000,100000,,,,,0,0,0,0,233472000
1650409542.406489,public.usertable,17799,public,usertable,1,0,0,0,100000,0,0,0,100000,0,100000,100000,,,,,0,0,0,0,233922560
1650409543.414126,public.usertable,17799,public,usertable,1,0,0,0,100000,0,0,0,100000,0,100000,100000,,,,,0,0,0,0,234381312
1650409544.41701,public.usertable,17799,public,usertable,1,0,0,0,100000,0,0,0,100000,0,100000,100000,,,,,0,0,0,0,234848256
1650409545.4202867,public.usertable,17799,public,usertable,1,0,0,0,100000,0,0,0,100000,0,100000,100000,,,,,0,0,0,0,235274240
1650409546.4238434,public.usertable,17799,public,usertable,1,0,0,0,100000,0,0,0,100000,0,100000,100000,,,,,0,0,0,0,235724800
1650409547.427384,public.usertable,17799,public,usertable,1,0,0,0,100000,0,0,0,100000,0,100000,100000,,,,,0,0,0,0,236183552
1650409548.4313648,public.usertable,17799,public,usertable,1,0,0,0,100000,0,0,0,100000,0,100000,100000,,,,,0,0,0,0,236666880
1650409549.4343946,public.usertable,17799,public,usertable,1,0,0,0,100000,0,0,0,100000,0,100000,100000,,,,,0,0,0,0,237125632
1650409550.437966,public.usertable,17799,public,usertable,1,0,0,0,100000,0,0,0,100000,0,100000,100000,,,,,0,0,0,0,237617152
1650409551.4411833,public.usertable,17799,public,usertable,1,0,0,0,100000,0,0,0,100000,0,100000,100000,,,,,0,0,0,0,238092288
1650409552.4448564,public.usertable,17799,public,usertable,1,0,0,0,100000,0,0,0,100000,0,100000,100000,,,,,0,0,0,0,238551040
1650409553.4481945,public.usertable,17799,public,usertable,1,0,0,0,100000,0,0,0,100000,0,100000,100000,,,,,0,0,0,0,239001600
1650409554.4517362,public.usertable,17799,public,usertable,1,0,0,0,100000,0,0,0,100000,0,100000,100000,,,,,0,0,0,0,239484928
1650409555.4549804,public.usertable,17799,public,usertable,1,0,0,0,100000,0,0,0,100000,0,100000,100000,,,,,0,0,0,0,239968256
1650409556.45856,public.usertable,17799,public,usertable,1,0,0,0,100000,0,0,0,100000,0,100000,100000,,,,,0,0,0,0,240410624
1650409557.4619467,public.usertable,17799,public,usertable,1,0,0,0,100000,0,0,0,100000,0,100000,100000,,,,,0,0,0,0,240885760
1650409558.4652364,public.usertable,17799,public,usertable,1,0,0,0,100000,0,0,0,100000,0,100000,100000,,,,,0,0,0,0,241344512
1650409559.468673,public.usertable,17799,public,usertable,1,0,0,0,100000,0,0,0,100000,0,100000,100000,,,,,0,0,0,0,241836032
1650409560.472214,public.usertable,17799,public,usertable,1,0,0,0,100000,0,0,0,100000,0,100000,100000,,,,,0,0,0,0,242311168
1650409561.4757037,public.usertable,17799,public,usertable,1,0,0,0,100000,0,0,0,100000,0,100000,100000,,,,,0,0,0,0,242778112
1650409562.4792194,public.usertable,17799,public,usertable,1,0,0,0,100000,0,0,0,100000,0,100000,100000,,,,,0,0,0,0,243236864
1650409563.4822557,public.usertable,17799,public,usertable,1,0,0,0,100000,0,0,0,100000,0,100000,100000,,,,,0,0,0,0,243728384
1650409564.4852428,public.usertable,17799,public,usertable,1,0,0,0,100000,0,0,0,100000,0,100000,100000,,,,,0,0,0,0,244178944
1650409565.4883444,public.usertable,17799,public,usertable,1,0,0,0,100000,0,0,0,100000,0,100000,100000,,,,,0,0,0,0,244629504
1650409566.4916592,public.usertable,17799,public,usertable,1,0,0,0,100000,0,0,0,100000,0,100000,100000,,,,,0,0,0,0,245112832
1650409567.4941297,public.usertable,17799,public,usertable,1,0,0,0,100000,0,0,0,100000,0,100000,100000,,,,,0,0,0,0,245579776
1650409568.497013,public.usertable,17799,public,usertable,1,0,0,0,100000,0,0,0,100000,0,100000,100000,,,,,0,0,0,0,246054912
1650409569.5000405,public.usertable,17799,public,usertable,1,0,0,0,100000,0,0,0,100000,0,100000,100000,,,,,0,0,0,0,246571008
1650409570.5033302,public.usertable,17799,public,usertable,1,0,0,0,100000,0,0,0,100000,0,100000,100000,,,,,0,0,0,0,247029760
1650409571.5060499,public.usertable,17799,public,usertable,1,0,0,0,100000,0,0,0,100000,0,100000,100000,,,,,0,0,0,0,247521280
1650409572.5095224,public.usertable,17799,public,usertable,1,0,0,0,100000,0,0,0,100000,0,100000,100000,,,,,0,0,0,0,247980032
1650409573.5127587,public.usertable,17799,public,usertable,1,0,0,0,100000,0,0,0,100000,0,100000,100000,,,,,0,0,0,0,248414208
1650409574.515507,public.usertable,17799,public,usertable,1,0,0,0,100000,0,0,0,100000,0,100000,100000,,,,,0,0,0,0,248889344
1650409575.5187423,public.usertable,17799,public,usertable,1,0,0,0,100000,0,0,0,100000,0,100000,100000,,,,,0,0,0,0,249348096
1650409576.5210311,public.usertable,17799,public,usertable,1,0,0,0,100000,0,0,0,100000,0,100000,100000,,,,,0,0,0,0,249790464
1650409577.5244472,public.usertable,17799,public,usertable,1,0,0,0,100000,0,0,0,100000,0,100000,100000,,,,,0,0,0,0,250224640
1650409578.5278702,public.usertable,17799,public,usertable,1,0,0,0,100000,0,0,0,100000,0,100000,100000,,,,,0,0,0,0,250691584
1650409579.531398,public.usertable,17799,public,usertable,1,0,0,0,100000,0,0,0,100000,0,100000,100000,,,,,0,0,0,0,251142144
1650409580.5346463,public.usertable,17799,public,usertable,1,0,0,0,100000,0,0,0,100000,0,100000,100000,,,,,0,0,0,0,251625472
1650409581.538142,public.usertable,17799,public,usertable,1,0,0,0,100000,0,0,0,100000,0,100000,100000,,,,,0,0,0,0,252092416
1650409582.54149,public.usertable,17799,public,usertable,1,0,0,0,100000,0,0,0,100000,0,100000,100000,,,,,0,0,0,0,252559360
1650409583.5448658,public.usertable,17799,public,usertable,1,0,0,0,100000,0,0,0,100000,0,100000,100000,,,,,0,0,0,0,253018112
1650409584.5485241,public.usertable,17799,public,usertable,1,0,0,0,100000,0,0,0,100000,0,100000,100000,,,,,0,0,0,0,253452288
1650409585.551021,public.usertable,17799,public,usertable,1,0,0,0,100000,0,0,0,100000,0,100000,100000,,,,,0,0,0,0,253902848
1650409586.5537963,public.usertable,17799,public,usertable,1,0,0,0,100000,0,0,0,100000,0,100000,100000,,,,,0,0,0,0,254402560
1650409587.5570178,public.usertable,17799,public,usertable,1,0,0,0,100000,0,0,0,100000,0,100000,100000,,,,,0,0,0,0,254885888
1650409588.5604553,public.usertable,17799,public,usertable,1,0,0,0,100000,0,0,0,100000,0,100000,100000,,,,,0,0,0,0,255377408
1650409589.5631251,public.usertable,17799,public,usertable,1,0,0,0,100000,0,0,0,100000,0,100000,100000,,,,,0,0,0,0,255877120
1650409590.5663764,public.usertable,17799,public,usertable,1,0,0,0,100000,0,0,0,100000,0,100000,100000,,,,,0,0,0,0,256335872
1650409591.569015,public.usertable,17799,public,usertable,1,0,0,0,100000,0,0,0,100000,0,100000,100000,,,,,0,0,0,0,256802816
1650409592.5723026,public.usertable,17799,public,usertable,1,0,0,0,100000,0,0,0,100000,0,100000,100000,,,,,0,0,0,0,257294336
1650409593.575892,public.usertable,17799,public,usertable,1,0,0,0,100000,0,0,0,100000,0,100000,100000,,,,,0,0,0,0,257744896
1650409594.579472,public.usertable,17799,public,usertable,1,0,0,0,100000,0,0,0,100000,0,100000,100000,,,,,0,0,0,0,258187264
1650409595.5829556,public.usertable,17799,public,usertable,1,0,0,0,100000,0,0,0,100000,0,100000,100000,,,,,0,0,0,0,258629632
1650409596.586245,public.usertable,17799,public,usertable,1,0,0,0,100000,0,0,0,100000,0,100000,100000,,,,,0,0,0,0,259137536
1650409597.5895798,public.usertable,17799,public,usertable,1,0,0,0,100000,0,0,0,100000,0,100000,100000,,,,,0,0,0,0,259563520
1650409598.5922575,public.usertable,17799,public,usertable,1,0,0,0,100000,0,0,0,100000,0,100000,100000,,,,,0,0,0,0,260014080
1650409599.5956187,public.usertable,17799,public,usertable,1,0,0,0,100000,0,0,0,100000,0,100000,100000,,,,,0,0,0,0,260464640
1650409600.5989532,public.usertable,17799,public,usertable,1,0,0,0,100000,0,0,0,100000,0,100000,100000,,,,,0,0,0,0,260931584
1650409601.6022956,public.usertable,17799,public,usertable,1,0,0,0,100000,0,0,0,100000,0,100000,100000,,,,,0,0,0,0,261406720
1650409602.605758,public.usertable,17799,public,usertable,1,0,0,0,100000,0,0,0,100000,0,100000,100000,,,,,0,0,0,0,261906432
1650409603.609309,public.usertable,17799,public,usertable,1,0,0,0,100000,0,0,0,100000,0,100000,100000,,,,,0,0,0,0,262365184
1650409604.6125495,public.usertable,17799,public,usertable,1,0,0,0,100000,0,0,0,100000,0,100000,100000,,,,,0,0,0,0,262832128
1650409605.6161623,public.usertable,17799,public,usertable,1,0,0,0,100000,0,0,0,100000,0,100000,100000,,,,,0,0,0,0,263307264
1650409606.6196122,public.usertable,17799,public,usertable,1,0,0,0,100000,0,0,0,100000,0,100000,100000,,,,,0,0,0,0,263782400
1650409607.6229975,public.usertable,17799,public,usertable,1,0,0,0,100000,0,0,0,100000,0,100000,100000,,,,,0,0,0,0,264241152
1650409608.6264105,public.usertable,17799,public,usertable,1,0,0,0,100000,0,0,0,100000,0,100000,100000,,,,,0,0,0,0,264716288
1650409609.6291802,public.usertable,17799,public,usertable,1,0,0,0,100000,0,0,0,100000,0,100000,100000,,,,,0,0,0,0,265150464
1650409610.6324632,public.usertable,17799,public,usertable,1,0,0,0,100000,0,0,0,100000,0,100000,100000,,,,,0,0,0,0,265650176
1650409611.6359305,public.usertable,17799,public,usertable,1,0,0,0,100000,0,0,0,100000,0,100000,100000,,,,,0,0,0,0,266117120
1650409612.6394608,public.usertable,17799,public,usertable,1,0,0,0,100000,0,0,0,100000,0,100000,100000,,,,,0,0,0,0,266575872
1650409613.6428995,public.usertable,17799,public,usertable,1,0,0,0,100000,0,0,0,100000,0,100000,100000,,,,,0,0,0,0,267067392
1650409614.6460385,public.usertable,17799,public,usertable,1,0,0,0,100000,0,0,0,100000,0,100000,100000,,,,,0,0,0,0,267526144
1650409615.6492558,public.usertable,17799,public,usertable,1,0,0,0,100000,0,0,0,100000,0,100000,100000,,,,,0,0,0,0,268017664
1650409616.6527412,public.usertable,17799,public,usertable,1,0,0,0,100000,0,0,0,100000,0,100000,100000,,,,,0,0,0,0,268525568
1650409617.6562614,public.usertable,17799,public,usertable,1,0,0,0,100000,0,0,0,100000,0,100000,100000,,,,,0,0,0,0,269008896
1650409618.6594448,public.usertable,17799,public,usertable,1,0,0,0,100000,0,0,0,100000,0,100000,100000,,,,,0,0,0,0,269459456
1650409619.6627133,public.usertable,17799,public,usertable,1,0,0,0,100000,0,0,0,100000,0,100000,100000,,,,,0,0,0,0,269877248
1650409620.6661763,public.usertable,17799,public,usertable,1,0,0,0,100000,0,0,0,100000,0,100000,100000,,,,,0,0,0,0,270336000
1650409621.6690183,public.usertable,17799,public,usertable,1,0,0,0,100000,0,0,0,100000,0,100000,100000,,,,,0,0,0,0,270835712
1650409622.6725276,public.usertable,17799,public,usertable,1,0,0,0,100000,0,0,0,100000,0,100000,100000,,,,,0,0,0,0,271310848
1650409623.6759694,public.usertable,17799,public,usertable,1,0,0,0,100000,0,0,0,100000,0,100000,100000,,,,,0,0,0,0,271794176
1650409624.679474,public.usertable,17799,public,usertable,1,0,0,0,100000,0,0,0,100000,0,100000,100000,,,,,0,0,0,0,272277504
1650409625.6829143,public.usertable,17799,public,usertable,1,0,0,0,100000,0,0,0,100000,0,100000,100000,,,,,0,0,0,0,272760832
1650409626.6864934,public.usertable,17799,public,usertable,1,0,0,0,100000,0,0,0,100000,0,100000,100000,,,,,0,0,0,0,273219584
1650409627.6899216,public.usertable,17799,public,usertable,1,0,0,0,100000,0,0,0,100000,0,100000,100000,,,,,0,0,0,0,273653760
1650409628.6933558,public.usertable,17799,public,usertable,1,0,0,0,100000,0,0,0,100000,0,100000,100000,,,,,0,0,0,0,274145280
1650409629.6968057,public.usertable,17799,public,usertable,1,0,0,0,100000,0,0,0,100000,0,100000,100000,,,,,0,0,0,0,274612224
1650409630.7001264,public.usertable,17799,public,usertable,1,0,0,0,100000,0,0,0,100000,0,100000,100000,,,,,0,0,0,0,275070976
1650409631.703479,public.usertable,17799,public,usertable,1,0,0,0,100000,0,0,0,100000,0,100000,100000,,,,,0,0,0,0,275546112
1650409632.7067802,public.usertable,17799,public,usertable,1,0,0,0,100000,0,0,0,100000,0,100000,100000,,,,,0,0,0,0,276037632
1650409633.7103672,public.usertable,17799,public,usertable,1,0,0,0,100000,0,0,0,100000,0,100000,100000,,,,,0,0,0,0,276512768
1650409634.7136235,public.usertable,17799,public,usertable,1,0,0,0,100000,0,0,0,100000,0,100000,100000,,,,,0,0,0,0,276987904
1650409635.717008,public.usertable,17799,public,usertable,1,0,0,0,100000,0,0,0,100000,0,100000,100000,,,,,0,0,0,0,277471232
1650409636.7201967,public.usertable,17799,public,usertable,1,0,0,0,100000,0,0,0,100000,0,100000,100000,,,,,0,0,0,0,277921792
1650409637.7233803,public.usertable,17799,public,usertable,1,0,0,0,100000,0,0,0,100000,0,100000,100000,,,,,0,0,0,0,278413312
1650409638.7266703,public.usertable,17799,public,usertable,1,0,0,0,100000,0,0,0,100000,0,100000,100000,,,,,0,0,0,0,278872064
1650409639.7291136,public.usertable,17799,public,usertable,1,0,0,0,100000,0,0,0,100000,0,100000,100000,,,,,0,0,0,0,279339008
1650409640.7325473,public.usertable,17799,public,usertable,1,0,0,0,100000,0,0,0,100000,0,100000,100000,,,,,0,0,0,0,279781376
1650409641.7360723,public.usertable,17799,public,usertable,1,0,0,0,100000,0,0,0,100000,0,100000,100000,,,,,0,0,0,0,280223744
1650409642.7439857,public.usertable,17799,public,usertable,1,0,0,0,100000,0,0,0,100000,0,100000,100000,,,,,0,0,0,0,280657920
1650409643.7474577,public.usertable,17799,public,usertable,1,0,0,0,100000,0,0,0,100000,0,100000,100000,,,,,0,0,0,0,281092096
1650409644.7500415,public.usertable,17799,public,usertable,1,0,0,0,100000,0,0,0,100000,0,100000,100000,,,,,0,0,0,0,281624576
1650409645.7533252,public.usertable,17799,public,usertable,1,0,0,0,100000,0,0,0,100000,0,100000,100000,,,,,0,0,0,0,282107904
1650409646.7567778,public.usertable,17799,public,usertable,1,0,0,0,100000,0,0,0,100000,0,100000,100000,,,,,0,0,0,0,282542080
1650409647.759752,public.usertable,17799,public,usertable,1,0,0,0,100000,0,0,0,100000,0,100000,100000,,,,,0,0,0,0,282992640
1650409648.7630107,public.usertable,17799,public,usertable,1,0,0,0,100000,0,0,0,100000,0,100000,100000,,,,,0,0,0,0,283467776
1650409649.7662961,public.usertable,17799,public,usertable,1,0,0,0,100000,0,0,0,100000,0,100000,100000,,,,,0,0,0,0,283926528
1650409650.7695231,public.usertable,17799,public,usertable,1,0,0,0,100000,0,0,0,100000,0,100000,100000,,,,,0,0,0,0,284426240
1650409651.773129,public.usertable,17799,public,usertable,1,0,0,0,100000,0,0,0,100000,0,100000,100000,,,,,0,0,0,0,284852224
1650409652.7766402,public.usertable,17799,public,usertable,1,0,0,0,100000,0,0,0,100000,0,100000,100000,,,,,0,0,0,0,285310976
1650409653.7792094,public.usertable,17799,public,usertable,1,0,0,0,100000,0,0,0,100000,0,100000,100000,,,,,0,0,0,0,285769728
1650409654.7826407,public.usertable,17799,public,usertable,1,0,0,0,100000,0,0,0,100000,0,100000,100000,,,,,0,0,0,0,286220288
1650409655.785014,public.usertable,17799,public,usertable,1,0,0,0,100000,0,0,0,100000,0,100000,100000,,,,,0,0,0,0,286679040
1650409656.7884305,public.usertable,17799,public,usertable,1,0,0,0,100000,0,0,0,100000,0,100000,100000,,,,,0,0,0,0,287154176
1650409657.7917845,public.usertable,17799,public,usertable,1,0,0,0,100000,0,0,0,100000,0,100000,100000,,,,,0,0,0,0,287637504
1650409658.7949624,public.usertable,17799,public,usertable,1,0,0,0,100000,0,0,0,100000,0,100000,100000,,,,,0,0,0,0,288088064
1650409659.7982562,public.usertable,17799,public,usertable,1,0,0,0,100000,0,0,0,100000,0,100000,100000,,,,,0,0,0,0,288579584
1650409660.8010223,public.usertable,17799,public,usertable,1,0,0,0,100000,0,0,0,100000,0,100000,100000,,,,,0,0,0,0,289021952
1650409661.8042252,public.usertable,17799,public,usertable,1,0,0,0,100000,0,0,0,100000,0,100000,100000,,,,,0,0,0,0,289488896
1650409662.807007,public.usertable,17799,public,usertable,1,0,0,0,100000,0,0,0,100000,0,100000,100000,,,,,0,0,0,0,289955840
1650409663.8102243,public.usertable,17799,public,usertable,1,0,0,0,100000,0,0,0,100000,0,100000,100000,,,,,0,0,0,0,290430976
1650409664.8130782,public.usertable,17799,public,usertable,1,0,0,0,100000,0,0,0,100000,0,100000,100000,,,,,0,0,0,0,290881536
1650409665.8164556,public.usertable,17799,public,usertable,1,0,0,0,100000,0,0,0,100000,0,100000,100000,,,,,0,0,0,0,291356672
1650409666.8194168,public.usertable,17799,public,usertable,1,0,0,0,100000,0,0,0,100000,0,100000,100000,,,,,0,0,0,0,291790848
1650409667.8227105,public.usertable,17799,public,usertable,1,0,0,0,100000,0,0,0,100000,0,100000,100000,,,,,0,0,0,0,292274176
1650409668.825025,public.usertable,17799,public,usertable,1,0,0,0,100000,0,0,0,100000,0,100000,100000,,,,,0,0,0,0,292773888
1650409669.8281755,public.usertable,17799,public,usertable,1,0,0,0,100000,0,0,0,100000,0,100000,100000,,,,,0,0,0,0,293257216
1650409670.8314767,public.usertable,17799,public,usertable,1,0,0,0,100000,0,0,0,100000,0,100000,100000,,,,,0,0,0,0,293715968
1650409671.834004,public.usertable,17799,public,usertable,1,0,0,0,100000,0,0,0,100000,0,100000,100000,,,,,0,0,0,0,294199296
1650409672.8371117,public.usertable,17799,public,usertable,1,0,0,0,100000,0,0,0,100000,0,100000,100000,,,,,0,0,0,0,294674432
1650409673.8403177,public.usertable,17799,public,usertable,1,0,0,0,100000,0,0,0,100000,0,100000,100000,,,,,0,0,0,0,295116800
1650409674.8431304,public.usertable,17799,public,usertable,1,0,0,0,100000,0,0,0,100000,0,100000,100000,,,,,0,0,0,0,295575552
1650409675.8466053,public.usertable,17799,public,usertable,1,0,0,0,100000,0,0,0,100000,0,100000,100000,,,,,0,0,0,0,296050688
1650409676.8504322,public.usertable,17799,public,usertable,1,0,0,0,100000,0,0,0,100000,0,100000,100000,,,,,0,0,0,0,296525824
1650409677.8530595,public.usertable,17799,public,usertable,1,0,0,0,100000,0,0,0,100000,0,100000,100000,,,,,0,0,0,0,296992768
1650409678.8554466,public.usertable,17799,public,usertable,1,0,0,0,100000,0,0,0,100000,0,100000,100000,,,,,0,0,0,0,297443328
1650409679.8586304,public.usertable,17799,public,usertable,1,0,0,0,100000,0,0,0,100000,0,100000,100000,,,,,0,0,0,0,297918464
1650409680.8610132,public.usertable,17799,public,usertable,1,0,0,0,100000,0,0,0,100000,0,100000,100000,,,,,0,0,0,0,298303488
1650409681.8642323,public.usertable,17799,public,usertable,1,0,0,0,100000,0,0,0,100000,0,100000,100000,,,,,0,0,0,0,298770432
1650409682.867436,public.usertable,17799,public,usertable,1,0,0,0,100000,0,0,0,100000,0,100000,100000,,,,,0,0,0,0,299253760
1650409683.870859,public.usertable,17799,public,usertable,1,0,0,0,100000,0,0,0,100000,0,100000,100000,,,,,0,0,0,0,299737088
1650409684.8740897,public.usertable,17799,public,usertable,1,0,0,0,100000,0,0,0,100000,0,100000,100000,,,,,0,0,0,0,300236800
1650409685.8767672,public.usertable,17799,public,usertable,1,0,0,0,100000,0,0,0,100000,0,100000,100000,,,,,0,0,0,0,300670976
1650409686.8803084,public.usertable,17799,public,usertable,1,0,0,0,100000,0,0,0,100000,0,100000,100000,,,,,0,0,0,0,301170688
1650409687.8837824,public.usertable,17799,public,usertable,1,0,0,0,100000,0,0,0,100000,0,100000,100000,,,,,0,0,0,0,301637632
1650409688.887272,public.usertable,17799,public,usertable,1,0,0,0,100000,0,0,0,100000,0,100000,100000,,,,,0,0,0,0,302104576
1650409689.8910127,public.usertable,17799,public,usertable,1,0,0,0,100000,0,0,0,100000,0,100000,100000,,,,,0,0,0,0,302563328
1650409690.8940144,public.usertable,17799,public,usertable,1,0,0,0,100000,0,0,0,100000,0,100000,100000,,,,,0,0,0,0,303063040
1650409691.8972204,public.usertable,17799,public,usertable,1,0,0,0,100000,0,0,0,100000,0,100000,100000,,,,,0,0,0,0,303513600
1650409692.9006834,public.usertable,17799,public,usertable,1,0,0,0,100000,0,0,0,100000,0,100000,100000,,,,,0,0,0,0,303972352
1650409693.9041336,public.usertable,17799,public,usertable,1,0,0,0,100000,0,0,0,100000,0,100000,100000,,,,,0,0,0,0,304447488
1650409694.9079232,public.usertable,17799,public,usertable,1,0,0,0,100000,0,0,0,100000,0,100000,100000,,,,,0,0,0,0,304914432
1650409695.9115775,public.usertable,17799,public,usertable,1,0,0,0,100000,0,0,0,100000,0,100000,100000,,,,,0,0,0,0,305389568
1650409696.914529,public.usertable,17799,public,usertable,1,0,0,0,100000,0,0,0,100000,0,100000,100000,,,,,0,0,0,0,305823744
1650409697.9177616,public.usertable,17799,public,usertable,1,0,0,0,100000,0,0,0,100000,0,100000,100000,,,,,0,0,0,0,306298880
1650409698.9209955,public.usertable,17799,public,usertable,1,0,0,0,100000,0,0,0,100000,0,100000,100000,,,,,0,0,0,0,306798592
1650409699.9243016,public.usertable,17799,public,usertable,1,0,0,0,100000,0,0,0,100000,0,100000,100000,,,,,0,0,0,0,307298304
1650409700.9276674,public.usertable,17799,public,usertable,1,0,0,0,100000,0,0,0,100000,0,100000,100000,,,,,0,0,0,0,307765248
1650409701.9309394,public.usertable,17799,public,usertable,1,0,0,0,100000,0,0,0,100000,0,100000,100000,,,,,0,0,0,0,308264960
1650409702.9341645,public.usertable,17799,public,usertable,1,0,0,0,100000,0,0,0,100000,0,100000,100000,,,,,0,0,0,0,308731904
1650409703.9369345,public.usertable,17799,public,usertable,1,0,0,0,100000,0,0,0,100000,0,100000,100000,,,,,0,0,0,0,309207040
1650409704.9401848,public.usertable,17799,public,usertable,1,0,0,0,100000,0,0,0,100000,0,100000,100000,,,,,0,0,0,0,309682176
1650409705.9433239,public.usertable,17799,public,usertable,1,0,0,0,100000,0,0,0,100000,0,100000,100000,,,,,0,0,0,0,310157312
1650409706.9466631,public.usertable,17799,public,usertable,1,0,0,0,100000,0,0,0,100000,0,100000,100000,,,,,0,0,0,0,310632448
1650409707.9496803,public.usertable,17799,public,usertable,1,0,0,0,100000,0,0,0,100000,0,100000,100000,,,,,0,0,0,0,311066624
1650409708.9521055,public.usertable,17799,public,usertable,1,0,0,0,100000,0,0,0,100000,0,100000,100000,,,,,0,0,0,0,311533568
1650409709.9554737,public.usertable,17799,public,usertable,1,0,0,0,100000,0,0,0,100000,0,100000,100000,,,,,0,0,0,0,311984128
1650409710.9587812,public.usertable,17799,public,usertable,1,0,0,0,100000,0,0,0,100000,0,100000,100000,,,,,0,0,0,0,312483840
1650409711.961332,public.usertable,17799,public,usertable,1,0,0,0,100000,0,0,0,100000,0,100000,100000,,,,,0,0,0,0,312934400
1650409712.9646773,public.usertable,17799,public,usertable,1,0,0,0,100000,0,0,0,100000,0,100000,100000,,,,,0,0,0,0,313434112
1650409713.9679832,public.usertable,17799,public,usertable,1,0,0,0,100000,0,0,0,100000,0,100000,100000,,,,,0,0,0,0,313892864
1650409714.9713314,public.usertable,17799,public,usertable,1,0,0,0,100000,0,0,0,100000,0,100000,100000,,,,,0,0,0,0,314368000
1650409715.974689,public.usertable,17799,public,usertable,1,0,0,0,100000,0,0,0,100000,0,100000,100000,,,,,0,0,0,0,314834944
1650409716.978175,public.usertable,17799,public,usertable,1,0,0,0,100000,0,0,0,100000,0,100000,100000,,,,,0,0,0,0,315310080
1650409717.981009,public.usertable,17799,public,usertable,1,0,0,0,100000,0,0,0,100000,0,100000,100000,,,,,0,0,0,0,315768832
1650409718.9844742,public.usertable,17799,public,usertable,1,0,0,0,100000,0,0,0,100000,0,100000,100000,,,,,0,0,0,0,316227584
1650409719.987756,public.usertable,17799,public,usertable,1,0,0,0,100000,0,0,0,100000,0,100000,100000,,,,,0,0,0,0,316710912
1650409720.990213,public.usertable,17799,public,usertable,1,0,0,0,100000,0,0,0,100000,0,100000,100000,,,,,0,0,0,0,317202432
1650409721.9931078,public.usertable,17799,public,usertable,1,0,0,0,100000,0,0,0,100000,0,100000,100000,,,,,0,0,0,0,317693952
1650409722.995735,public.usertable,17799,public,usertable,1,0,0,0,100000,0,0,0,100000,0,100000,100000,,,,,0,0,0,0,318193664
1650409723.9985301,public.usertable,17799,public,usertable,1,0,0,0,100000,0,0,0,100000,0,100000,100000,,,,,0,0,0,0,318668800
1650409725.00173,public.usertable,17799,public,usertable,1,0,0,0,100000,0,0,0,100000,0,100000,100000,,,,,0,0,0,0,319086592
1650409726.004511,public.usertable,17799,public,usertable,1,0,0,0,100000,0,0,0,100000,0,100000,100000,,,,,0,0,0,0,319545344
1650409727.0078433,public.usertable,17799,public,usertable,1,0,0,0,100000,0,0,0,100000,0,100000,100000,,,,,0,0,0,0,320004096
1650409728.0114033,public.usertable,17799,public,usertable,1,0,0,0,100000,0,0,0,100000,0,100000,100000,,,,,0,0,0,0,320454656
1650409729.0148551,public.usertable,17799,public,usertable,1,0,0,0,100000,0,0,0,100000,0,100000,100000,,,,,0,0,0,0,320897024
1650409730.0180604,public.usertable,17799,public,usertable,1,0,0,0,100000,0,0,0,100000,0,100000,100000,,,,,0,0,0,0,321380352
1650409731.02128,public.usertable,17799,public,usertable,1,0,0,0,100000,0,0,0,100000,0,100000,100000,,,,,0,0,0,0,321822720
1650409732.0246146,public.usertable,17799,public,usertable,1,0,0,0,100000,0,0,0,100000,0,100000,100000,,,,,0,0,0,0,322322432
1650409733.0278654,public.usertable,17799,public,usertable,1,0,0,0,100000,0,0,0,100000,0,100000,100000,,,,,0,0,0,0,322756608
1650409734.0313206,public.usertable,17799,public,usertable,1,0,0,0,100000,0,0,0,100000,0,100000,100000,,,,,0,0,0,0,323272704
1650409735.0342722,public.usertable,17799,public,usertable,1,0,0,0,100000,0,0,0,100000,0,100000,100000,,,,,0,0,0,0,323739648
1650409736.036866,public.usertable,17799,public,usertable,1,0,0,0,100000,0,0,0,100000,0,100000,100000,,,,,0,0,0,0,324247552
1650409737.0403287,public.usertable,17799,public,usertable,1,0,0,0,100000,0,0,0,100000,0,100000,100000,,,,,0,0,0,0,324730880
1650409738.0436165,public.usertable,17799,public,usertable,1,0,0,0,100000,0,0,0,100000,0,100000,100000,,,,,0,0,0,0,325197824
1650409739.0470455,public.usertable,17799,public,usertable,1,0,0,0,100000,0,0,0,100000,0,100000,100000,,,,,0,0,0,0,325681152
1650409740.0502415,public.usertable,17799,public,usertable,1,0,0,0,100000,0,0,0,100000,0,100000,100000,,,,,0,0,0,0,326148096
1650409741.052698,public.usertable,17799,public,usertable,1,0,0,0,100000,0,0,0,100000,0,100000,100000,,,,,0,0,0,0,326623232
1650409742.0556257,public.usertable,17799,public,usertable,1,0,0,0,100000,0,0,0,100000,0,100000,100000,,,,,0,0,0,0,327106560
1650409743.0586872,public.usertable,17799,public,usertable,1,0,0,0,100000,0,0,0,100000,0,100000,100000,,,,,0,0,0,0,327606272
1650409744.0619352,public.usertable,17799,public,usertable,1,0,0,0,100000,0,0,0,100000,0,100000,100000,,,,,0,0,0,0,328089600
1650409745.0651371,public.usertable,17799,public,usertable,1,0,0,0,100000,0,0,0,100000,0,100000,100000,,,,,0,0,0,0,328572928
1650409746.0684817,public.usertable,17799,public,usertable,1,0,0,0,100000,0,0,0,100000,0,100000,100000,,,,,0,0,0,0,329039872
1650409747.0719886,public.usertable,17799,public,usertable,1,0,0,0,100000,0,0,0,100000,0,100000,100000,,,,,0,0,0,0,329523200
1650409748.075265,public.usertable,17799,public,usertable,1,0,0,0,100000,0,0,0,100000,0,100000,100000,,,,,0,0,0,0,329998336
1650409749.0786004,public.usertable,17799,public,usertable,1,0,0,0,100000,0,0,0,100000,0,100000,100000,,,,,0,0,0,0,330424320
1650409750.0815701,public.usertable,17799,public,usertable,1,0,0,0,100000,0,0,0,100000,0,100000,100000,,,,,0,0,0,0,330940416
1650409751.0843182,public.usertable,17799,public,usertable,1,0,0,0,100000,0,0,0,100000,0,100000,100000,,,,,0,0,0,0,331407360
1650409752.087598,public.usertable,17799,public,usertable,1,0,0,0,100000,0,0,0,100000,0,100000,100000,,,,,0,0,0,0,331874304
1650409753.0911334,public.usertable,17799,public,usertable,1,0,0,0,100000,0,0,0,100000,0,100000,100000,,,,,0,0,0,0,332341248
1650409754.094449,public.usertable,17799,public,usertable,1,0,0,0,100000,0,0,0,100000,0,100000,100000,,,,,0,0,0,0,332816384
1650409755.0976663,public.usertable,17799,public,usertable,1,0,0,0,100000,0,0,0,100000,0,100000,100000,,,,,0,0,0,0,333316096
1650409756.101113,public.usertable,17799,public,usertable,1,0,0,0,100000,0,0,0,100000,0,100000,100000,,,,,0,0,0,0,333766656
1650409757.1046073,public.usertable,17799,public,usertable,1,0,0,0,100000,0,0,0,100000,0,100000,100000,,,,,0,0,0,0,334233600
1650409758.1078064,public.usertable,17799,public,usertable,1,0,0,0,100000,0,0,0,100000,0,100000,100000,,,,,0,0,0,0,334725120
1650409759.1113205,public.usertable,17799,public,usertable,1,0,0,0,100000,0,0,0,100000,0,100000,100000,,,,,0,0,0,0,335200256
1650409760.1148355,public.usertable,17799,public,usertable,1,0,0,0,100000,0,0,0,100000,0,100000,100000,,,,,0,0,0,0,335659008
1650409761.1181982,public.usertable,17799,public,usertable,1,0,0,0,100000,0,0,0,100000,0,100000,100000,,,,,0,0,0,0,336125952
1650409762.1211002,public.usertable,17799,public,usertable,1,0,0,0,100000,0,0,0,100000,0,100000,100000,,,,,0,0,0,0,336543744
1650409763.1246696,public.usertable,17799,public,usertable,1,0,0,0,100000,0,0,0,100000,0,100000,100000,,,,,0,0,0,0,337010688
1650409764.127965,public.usertable,17799,public,usertable,1,0,0,0,100000,0,0,0,100000,0,100000,100000,,,,,0,0,0,0,337502208
1650409765.1314585,public.usertable,17799,public,usertable,1,0,0,0,100000,0,0,0,100000,0,100000,100000,,,,,0,0,0,0,337993728
1650409766.1349206,public.usertable,17799,public,usertable,1,0,0,0,100000,0,0,0,100000,0,100000,100000,,,,,0,0,0,0,338493440
1650409767.1385205,public.usertable,17799,public,usertable,1,0,0,0,100000,0,0,0,100000,0,100000,100000,,,,,0,0,0,0,338911232
1650409768.1410866,public.usertable,17799,public,usertable,1,0,0,0,100000,0,0,0,100000,0,100000,100000,,,,,0,0,0,0,339369984
1650409769.1445653,public.usertable,17799,public,usertable,1,0,0,0,100000,0,0,0,100000,0,100000,100000,,,,,0,0,0,0,339845120
1650409770.1479979,public.usertable,17799,public,usertable,1,0,0,0,100000,0,0,0,100000,0,100000,100000,,,,,0,0,0,0,340328448
1650409771.1512675,public.usertable,17799,public,usertable,1,0,0,0,100000,0,0,0,100000,0,100000,100000,,,,,0,0,0,0,340852736
1650409772.154839,public.usertable,17799,public,usertable,1,0,0,0,100000,0,0,0,100000,0,100000,100000,,,,,0,0,0,0,341336064
1650409773.1571681,public.usertable,17799,public,usertable,1,0,0,0,100000,0,0,0,100000,0,100000,100000,,,,,0,0,0,0,341827584
1650409774.1605577,public.usertable,17799,public,usertable,1,0,0,0,100000,0,0,0,100000,0,100000,100000,,,,,0,0,0,0,342327296
1650409775.1637776,public.usertable,17799,public,usertable,1,0,0,0,100000,0,0,0,100000,0,100000,100000,,,,,0,0,0,0,342835200
1650409776.1672547,public.usertable,17799,public,usertable,1,0,0,0,100000,0,0,0,100000,0,100000,100000,,,,,0,0,0,0,343244800
1650409777.1705422,public.usertable,17799,public,usertable,1,0,0,0,100000,0,0,0,100000,0,100000,100000,,,,,0,0,0,0,343662592
1650409778.1730125,public.usertable,17799,public,usertable,1,0,0,0,100000,0,0,0,100000,0,100000,100000,,,,,0,0,0,0,344145920
1650409779.176473,public.usertable,17799,public,usertable,1,0,0,0,100000,0,0,0,100000,0,100000,100000,,,,,0,0,0,0,344604672
1650409780.1799207,public.usertable,17799,public,usertable,1,0,0,0,100000,0,0,0,100000,0,100000,100000,,,,,0,0,0,0,345079808
1650409781.1834507,public.usertable,17799,public,usertable,1,0,0,0,100000,0,0,0,100000,0,100000,100000,,,,,0,0,0,0,345546752
1650409782.1868691,public.usertable,17799,public,usertable,1,0,0,0,100000,0,0,0,100000,0,100000,100000,,,,,0,0,0,0,346021888
1650409783.1900735,public.usertable,17799,public,usertable,1,0,0,0,100000,0,0,0,100000,0,100000,100000,,,,,0,0,0,0,346521600
1650409784.193095,public.usertable,17799,public,usertable,1,0,0,0,100000,0,0,0,100000,0,100000,100000,,,,,0,0,0,0,347070464
1650409785.1961613,public.usertable,17799,public,usertable,1,0,0,0,100000,0,0,0,100000,0,100000,100000,,,,,0,0,0,0,347553792
1650409786.199748,public.usertable,17799,public,usertable,1,0,0,0,100000,0,0,0,100000,0,100000,100000,,,,,0,0,0,0,348012544
1650409787.202961,public.usertable,17799,public,usertable,1,0,0,0,100000,0,0,0,100000,0,100000,100000,,,,,0,0,0,0,348487680
1650409788.2062566,public.usertable,17799,public,usertable,1,0,0,0,100000,0,0,0,100000,0,100000,100000,,,,,0,0,0,0,348930048
1650409789.209552,public.usertable,17799,public,usertable,1,0,0,0,100000,0,0,0,100000,0,100000,100000,,,,,0,0,0,0,349396992
1650409790.2120526,public.usertable,17799,public,usertable,1,0,0,0,100000,0,0,0,100000,0,100000,100000,,,,,0,0,0,0,349847552
1650409791.2153926,public.usertable,17799,public,usertable,1,0,0,0,100000,0,0,0,100000,0,100000,100000,,,,,0,0,0,0,350322688
1650409792.2188833,public.usertable,17799,public,usertable,1,0,0,0,100000,0,0,0,100000,0,100000,100000,,,,,0,0,0,0,350773248
1650409793.222426,public.usertable,17799,public,usertable,1,0,0,0,100000,0,0,0,100000,0,100000,100000,,,,,0,0,0,0,351240192
1650409794.2256823,public.usertable,17799,public,usertable,1,0,0,0,100000,0,0,0,100000,0,100000,100000,,,,,0,0,0,0,351756288
1650409795.2290878,public.usertable,17799,public,usertable,1,0,0,0,100000,0,0,0,100000,0,100000,100000,,,,,0,0,0,0,352231424
1650409796.231682,public.usertable,17799,public,usertable,1,0,0,0,100000,0,0,0,100000,0,100000,100000,,,,,0,0,0,0,352706560
1650409797.2349544,public.usertable,17799,public,usertable,1,0,0,0,100000,0,0,0,100000,0,100000,100000,,,,,0,0,0,0,353198080
1650409798.2384498,public.usertable,17799,public,usertable,1,0,0,0,100000,0,0,0,100000,0,100000,100000,,,,,0,0,0,0,353689600
1650409799.2418606,public.usertable,17799,public,usertable,1,0,0,0,100000,0,0,0,100000,0,100000,100000,,,,,0,0,0,0,354164736
1650409800.2450829,public.usertable,17799,public,usertable,1,0,0,0,100000,0,0,0,100000,0,100000,100000,,,,,0,0,0,0,354656256
1650409801.2485378,public.usertable,17799,public,usertable,1,0,0,0,100000,0,0,0,100000,0,100000,100000,,,,,0,0,0,0,355065856
1650409802.2513773,public.usertable,17799,public,usertable,1,0,0,0,100000,0,0,0,100000,0,100000,100000,,,,,0,0,0,0,355508224
1650409803.2546542,public.usertable,17799,public,usertable,1,0,0,0,100000,0,0,0,100000,0,100000,100000,,,,,0,0,0,0,355966976
1650409804.2580907,public.usertable,17799,public,usertable,1,0,0,0,100000,0,0,0,100000,0,100000,100000,,,,,0,0,0,0,356425728
1650409805.2610211,public.usertable,17799,public,usertable,1,0,0,0,100000,0,0,0,100000,0,100000,100000,,,,,0,0,0,0,356884480
1650409806.2644517,public.usertable,17799,public,usertable,1,0,0,0,100000,0,0,0,100000,0,100000,100000,,,,,0,0,0,0,357343232
1650409807.2674637,public.usertable,17799,public,usertable,1,0,0,0,100000,0,0,0,100000,0,100000,100000,,,,,0,0,0,0,357793792
1650409808.270478,public.usertable,17799,public,usertable,1,0,0,0,100000,0,0,0,100000,0,100000,100000,,,,,0,0,0,0,358227968
1650409809.2730174,public.usertable,17799,public,usertable,1,0,0,0,100000,0,0,0,100000,0,100000,100000,,,,,0,0,0,0,358678528
1650409810.2764006,public.usertable,17799,public,usertable,1,0,0,0,100000,0,0,0,100000,0,100000,100000,,,,,0,0,0,0,359186432
1650409811.2798975,public.usertable,17799,public,usertable,1,0,0,0,100000,0,0,0,100000,0,100000,100000,,,,,0,0,0,0,359661568
1650409812.2831302,public.usertable,17799,public,usertable,1,0,0,0,100000,0,0,0,100000,0,100000,100000,,,,,0,0,0,0,360136704
1650409813.2866836,public.usertable,17799,public,usertable,1,0,0,0,100000,0,0,0,100000,0,100000,100000,,,,,0,0,0,0,360628224
1650409814.2900634,public.usertable,17799,public,usertable,1,0,0,0,100000,0,0,0,100000,0,100000,100000,,,,,0,0,0,0,361119744
1650409815.293121,public.usertable,17799,public,usertable,1,0,0,0,100000,0,0,0,100000,0,100000,100000,,,,,0,0,0,0,361603072
1650409816.2963457,public.usertable,17799,public,usertable,1,0,0,0,100000,0,0,0,100000,0,100000,100000,,,,,0,0,0,0,362086400
1650409817.2999258,public.usertable,17799,public,usertable,1,0,0,0,100000,0,0,0,100000,0,100000,100000,,,,,0,0,0,0,362504192
1650409818.3025982,public.usertable,17799,public,usertable,1,0,0,0,100000,0,0,0,100000,0,100000,100000,,,,,0,0,0,0,363020288
1650409819.306066,public.usertable,17799,public,usertable,1,0,0,0,100000,0,0,0,100000,0,100000,100000,,,,,0,0,0,0,363503616
1650409820.3095121,public.usertable,17799,public,usertable,1,0,0,0,100000,0,0,0,100000,0,100000,100000,,,,,0,0,0,0,363970560
1650409821.3130376,public.usertable,17799,public,usertable,1,0,0,0,100000,0,0,0,100000,0,100000,100000,,,,,0,0,0,0,364363776
1650409822.3159444,public.usertable,17799,public,usertable,1,0,0,0,100000,0,0,0,100000,0,100000,100000,,,,,0,0,0,0,364814336
1650409823.319266,public.usertable,17799,public,usertable,1,0,0,0,100000,0,0,0,100000,0,100000,100000,,,,,0,0,0,0,365297664
1650409824.321662,public.usertable,17799,public,usertable,1,0,0,0,100000,0,0,0,100000,0,100000,100000,,,,,0,0,0,0,365772800
1650409825.3250256,public.usertable,17799,public,usertable,1,0,0,0,100000,0,0,0,100000,0,100000,100000,,,,,0,0,0,0,366247936
1650409826.3278484,public.usertable,17799,public,usertable,1,0,0,0,100000,0,0,0,100000,0,100000,100000,,,,,0,0,0,0,366706688
1650409827.3314567,public.usertable,17799,public,usertable,1,0,0,0,100000,0,0,0,100000,0,100000,100000,,,,,0,0,0,0,367149056
1650409828.3346045,public.usertable,17799,public,usertable,1,0,0,0,100000,0,0,0,100000,0,100000,100000,,,,,0,0,0,0,367616000
1650409829.3378835,public.usertable,17799,public,usertable,1,0,0,0,100000,0,0,0,100000,0,100000,100000,,,,,0,0,0,0,368082944
1650409830.3410184,public.usertable,17799,public,usertable,1,0,0,0,100000,0,0,0,100000,0,100000,100000,,,,,0,0,0,0,368541696
1650409831.3445816,public.usertable,17799,public,usertable,1,0,0,0,100000,0,0,0,100000,0,100000,100000,,,,,0,0,0,0,369057792
1650409832.347184,public.usertable,17799,public,usertable,1,0,0,0,100000,0,0,0,100000,0,100000,100000,,,,,0,0,0,0,369524736
1650409833.3504043,public.usertable,17799,public,usertable,1,0,0,0,100000,0,0,0,100000,0,100000,100000,,,,,0,0,0,0,370008064
1650409834.3539085,public.usertable,17799,public,usertable,1,0,0,0,100000,0,0,0,100000,0,100000,100000,,,,,0,0,0,0,370491392
1650409835.3570232,public.usertable,17799,public,usertable,1,0,0,0,100000,0,0,0,100000,0,100000,100000,,,,,0,0,0,0,370958336
1650409836.3603225,public.usertable,17799,public,usertable,1,0,0,0,100000,0,0,0,100000,0,100000,100000,,,,,0,0,0,0,371417088
1650409837.3638735,public.usertable,17799,public,usertable,1,0,0,0,100000,0,0,0,100000,0,100000,100000,,,,,0,0,0,0,371884032
1650409838.366616,public.usertable,17799,public,usertable,1,0,0,0,100000,0,0,0,100000,0,100000,100000,,,,,0,0,0,0,372310016
1650409839.3700912,public.usertable,17799,public,usertable,1,0,0,0,100000,0,0,0,100000,0,100000,100000,,,,,0,0,0,0,372793344
1650409840.372415,public.usertable,17799,public,usertable,1,0,0,0,100000,0,0,0,100000,0,100000,100000,,,,,0,0,0,0,373276672
1650409841.3759785,public.usertable,17799,public,usertable,1,0,0,0,100000,0,0,0,100000,0,100000,100000,,,,,0,0,0,0,373735424
1650409842.379446,public.usertable,17799,public,usertable,1,0,0,0,100000,0,0,0,100000,0,100000,100000,,,,,0,0,0,0,374136832
1650409843.38265,public.usertable,17799,public,usertable,1,0,0,0,100000,0,0,0,100000,0,100000,100000,,,,,0,0,0,0,374620160
1650409844.385877,public.usertable,17799,public,usertable,1,0,0,0,100000,0,0,0,100000,0,100000,100000,,,,,0,0,0,0,375070720
1650409845.3887482,public.usertable,17799,public,usertable,1,0,0,0,100000,0,0,0,100000,0,100000,100000,,,,,0,0,0,0,375545856
1650409846.3920536,public.usertable,17799,public,usertable,1,0,0,0,100000,0,0,0,100000,0,100000,100000,,,,,0,0,0,0,376029184
1650409847.3955095,public.usertable,17799,public,usertable,1,0,0,0,100000,0,0,0,100000,0,100000,100000,,,,,0,0,0,0,376487936
1650409848.3987865,public.usertable,17799,public,usertable,1,0,0,0,100000,0,0,0,100000,0,100000,100000,,,,,0,0,0,0,376938496
1650409849.4020298,public.usertable,17799,public,usertable,1,0,0,0,100000,0,0,0,100000,0,100000,100000,,,,,0,0,0,0,377446400
1650409850.405011,public.usertable,17799,public,usertable,1,0,0,0,100000,0,0,0,100000,0,100000,100000,,,,,0,0,0,0,377929728
1650409851.4085858,public.usertable,17799,public,usertable,1,0,0,0,100000,0,0,0,100000,0,100000,100000,,,,,0,0,0,0,378404864
1650409852.4117522,public.usertable,17799,public,usertable,1,0,0,0,100000,0,0,0,100000,0,100000,100000,,,,,0,0,0,0,378880000
1650409853.4150653,public.usertable,17799,public,usertable,1,0,0,0,100000,0,0,0,100000,0,100000,100000,,,,,0,0,0,0,379396096
1650409854.4183433,public.usertable,17799,public,usertable,1,0,0,0,100000,0,0,0,100000,0,100000,100000,,,,,0,0,0,0,379871232
1650409855.4218028,public.usertable,17799,public,usertable,1,0,0,0,100000,0,0,0,100000,0,100000,100000,,,,,0,0,0,0,380321792
1650409856.4250546,public.usertable,17799,public,usertable,1,0,0,0,100000,0,0,0,100000,0,100000,100000,,,,,0,0,0,0,380837888
1650409857.4287887,public.usertable,17799,public,usertable,1,0,0,0,100000,0,0,0,100000,0,100000,100000,,,,,0,0,0,0,381304832
1650409858.4319725,public.usertable,17799,public,usertable,1,0,0,0,100000,0,0,0,100000,0,100000,100000,,,,,0,0,0,0,381755392
1650409859.4351842,public.usertable,17799,public,usertable,1,0,0,0,100000,0,0,0,100000,0,100000,100000,,,,,0,0,0,0,382246912
1650409860.437991,public.usertable,17799,public,usertable,1,0,0,0,100000,0,0,0,100000,0,100000,100000,,,,,0,0,0,0,382730240
1650409861.4411664,public.usertable,17799,public,usertable,1,0,0,0,100000,0,0,0,100000,0,100000,100000,,,,,0,0,0,0,383205376
1650409862.4457915,public.usertable,17799,public,usertable,1,0,0,0,100000,0,0,0,100000,0,100000,100000,,,,,0,0,0,0,383647744
1650409863.4490192,public.usertable,17799,public,usertable,1,0,0,0,100000,0,0,0,100000,0,100000,100000,,,,,0,0,0,0,384090112
1650409864.4524786,public.usertable,17799,public,usertable,1,0,0,0,100000,0,0,0,100000,0,100000,100000,,,,,0,0,0,0,384548864
1650409865.4558368,public.usertable,17799,public,usertable,1,0,0,0,100000,0,0,0,100000,0,100000,100000,,,,,0,0,0,0,385015808
1650409866.4583368,public.usertable,17799,public,usertable,1,0,0,0,100000,0,0,0,100000,0,100000,100000,,,,,0,0,0,0,385490944
1650409867.461659,public.usertable,17799,public,usertable,1,0,0,0,100000,0,0,0,100000,0,100000,100000,,,,,0,0,0,0,385957888
1650409868.4650822,public.usertable,17799,public,usertable,1,0,0,0,100000,0,0,0,100000,0,100000,100000,,,,,0,0,0,0,386375680
1650409869.4676793,public.usertable,17799,public,usertable,1,0,0,0,100000,0,0,0,100000,0,100000,100000,,,,,0,0,0,0,386867200
1650409870.4708674,public.usertable,17799,public,usertable,1,0,0,0,100000,0,0,0,100000,0,100000,100000,,,,,0,0,0,0,387358720
1650409871.4733548,public.usertable,17799,public,usertable,1,0,0,0,100000,0,0,0,100000,0,100000,100000,,,,,0,0,0,0,387842048
1650409872.476843,public.usertable,17799,public,usertable,1,0,0,0,100000,0,0,0,100000,0,100000,100000,,,,,0,0,0,0,388317184
1650409873.4802976,public.usertable,17799,public,usertable,1,0,0,0,100000,0,0,0,100000,0,100000,100000,,,,,0,0,0,0,388816896
1650409874.4838328,public.usertable,17799,public,usertable,1,0,0,0,100000,0,0,0,100000,0,100000,100000,,,,,0,0,0,0,389242880
1650409875.4873183,public.usertable,17799,public,usertable,1,0,0,0,100000,0,0,0,100000,0,100000,100000,,,,,0,0,0,0,389742592
1650409876.4896789,public.usertable,17799,public,usertable,1,0,0,0,100000,0,0,0,100000,0,100000,100000,,,,,0,0,0,0,390193152
1650409877.4930058,public.usertable,17799,public,usertable,1,0,0,0,100000,0,0,0,100000,0,100000,100000,,,,,0,0,0,0,390701056
1650409878.49626,public.usertable,17799,public,usertable,1,0,0,0,100000,0,0,0,100000,0,100000,100000,,,,,0,0,0,0,391159808
1650409879.4997811,public.usertable,17799,public,usertable,1,0,0,0,100000,0,0,0,100000,0,100000,100000,,,,,0,0,0,0,391626752
1650409880.5026655,public.usertable,17799,public,usertable,1,0,0,0,100000,0,0,0,100000,0,100000,100000,,,,,0,0,0,0,392077312
1650409881.5060523,public.usertable,17799,public,usertable,1,0,0,0,100000,0,0,0,100000,0,100000,100000,,,,,0,0,0,0,392560640
1650409882.509524,public.usertable,17799,public,usertable,1,0,0,0,100000,0,0,0,100000,0,100000,100000,,,,,0,0,0,0,393035776
1650409883.5127368,public.usertable,17799,public,usertable,1,0,0,0,100000,0,0,0,100000,0,100000,100000,,,,,0,0,0,0,393535488
1650409884.5157146,public.usertable,17799,public,usertable,1,0,0,0,100000,0,0,0,100000,0,100000,100000,,,,,0,0,0,0,393986048
1650409885.5189629,public.usertable,17799,public,usertable,1,0,0,0,100000,0,0,0,100000,0,100000,100000,,,,,0,0,0,0,394452992
1650409886.5225167,public.usertable,17799,public,usertable,1,0,0,0,100000,0,0,0,100000,0,100000,100000,,,,,0,0,0,0,394960896
1650409887.5259604,public.usertable,17799,public,usertable,1,0,0,0,100000,0,0,0,100000,0,100000,100000,,,,,0,0,0,0,395427840
1650409888.5295084,public.usertable,17799,public,usertable,1,0,0,0,100000,0,0,0,100000,0,100000,100000,,,,,0,0,0,0,395878400
1650409889.5327275,public.usertable,17799,public,usertable,1,0,0,0,100000,0,0,0,100000,0,100000,100000,,,,,0,0,0,0,396320768
1650409890.5362203,public.usertable,17799,public,usertable,1,0,0,0,100000,0,0,0,100000,0,100000,100000,,,,,0,0,0,0,396787712
1650409891.539721,public.usertable,17799,public,usertable,1,0,0,0,100000,0,0,0,100000,0,100000,100000,,,,,0,0,0,0,397279232
1650409892.542678,public.usertable,17799,public,usertable,1,0,0,0,100000,0,0,0,100000,0,100000,100000,,,,,0,0,0,0,397737984
1650409893.54534,public.usertable,17799,public,usertable,1,0,0,0,100000,0,0,0,100000,0,100000,100000,,,,,0,0,0,0,398204928
1650409894.548526,public.usertable,17799,public,usertable,1,0,0,0,100000,0,0,0,100000,0,100000,100000,,,,,0,0,0,0,398704640
1650409895.5518105,public.usertable,17799,public,usertable,1,0,0,0,100000,0,0,0,100000,0,100000,100000,,,,,0,0,0,0,399179776
1650409896.555057,public.usertable,17799,public,usertable,1,0,0,0,100000,0,0,0,100000,0,100000,100000,,,,,0,0,0,0,399679488
1650409897.5586247,public.usertable,17799,public,usertable,1,0,0,0,100000,0,0,0,100000,0,100000,100000,,,,,0,0,0,0,400179200
1650409898.5615642,public.usertable,17799,public,usertable,1,0,0,0,100000,0,0,0,100000,0,100000,100000,,,,,0,0,0,0,400629760
1650409899.5648441,public.usertable,17799,public,usertable,1,0,0,0,100000,0,0,0,100000,0,100000,100000,,,,,0,0,0,0,401137664
1650409900.5681508,public.usertable,17799,public,usertable,1,0,0,0,100000,0,0,0,100000,0,100000,100000,,,,,0,0,0,0,401612800
1650409901.5712295,public.usertable,17799,public,usertable,1,0,0,0,100000,0,0,0,100000,0,100000,100000,,,,,0,0,0,0,402079744
1650409902.5746443,public.usertable,17799,public,usertable,1,0,0,0,100000,0,0,0,100000,0,100000,100000,,,,,0,0,0,0,402522112
1650409903.5774183,public.usertable,17799,public,usertable,1,0,0,0,100000,0,0,0,100000,0,100000,100000,,,,,0,0,0,0,402997248
1650409904.580608,public.usertable,17799,public,usertable,1,0,0,0,100000,0,0,0,100000,0,100000,100000,,,,,0,0,0,0,403488768
1650409905.5836298,public.usertable,17799,public,usertable,1,0,0,0,100000,0,0,0,100000,0,100000,100000,,,,,0,0,0,0,403947520
1650409906.586928,public.usertable,17799,public,usertable,1,0,0,0,100000,0,0,0,100000,0,100000,100000,,,,,0,0,0,0,404430848
1650409907.5901608,public.usertable,17799,public,usertable,1,0,0,0,100000,0,0,0,100000,0,100000,100000,,,,,0,0,0,0,404922368
1650409908.5934224,public.usertable,17799,public,usertable,1,0,0,0,100000,0,0,0,100000,0,100000,100000,,,,,0,0,0,0,405389312
1650409909.5968666,public.usertable,17799,public,usertable,1,0,0,0,100000,0,0,0,100000,0,100000,100000,,,,,0,0,0,0,405733376
1650409910.6003594,public.usertable,17799,public,usertable,1,0,0,0,100000,0,0,0,100000,0,100000,100000,,,,,0,0,0,0,405733376
1650409911.604065,public.usertable,17799,public,usertable,1,0,0,0,100000,0,0,0,100000,0,100000,100000,,,,,0,0,0,0,405733376
1650409912.6079206,public.usertable,17799,public,usertable,1,0,0,0,100000,0,0,0,100000,0,100000,100000,,,,,0,0,0,0,405733376
1650409913.611734,public.usertable,17799,public,usertable,1,0,0,0,100000,0,0,0,100000,0,100000,100000,,,,,0,0,0,0,405733376
1650409914.6153326,public.usertable,17799,public,usertable,1,0,0,0,100000,0,0,0,100000,0,100000,100000,,,,,0,0,0,0,405733376
1650409915.619097,public.usertable,17799,public,usertable,1,0,0,0,100000,0,0,0,100000,0,100000,100000,,,,,0,0,0,0,405733376
1650409916.6228616,public.usertable,17799,public,usertable,1,0,0,0,100000,0,0,0,100000,0,100000,100000,,,,,0,0,0,0,405733376
1650409917.6265533,public.usertable,17799,public,usertable,1,0,0,0,100000,0,0,0,100000,0,100000,100000,,,,,0,0,0,0,405733376
1650409918.6302867,public.usertable,17799,public,usertable,1,0,0,0,100000,0,0,0,100000,0,100000,100000,,,,,0,0,0,0,405733376
1650409919.633999,public.usertable,17799,public,usertable,1,0,0,0,100000,0,0,0,100000,0,100000,100000,,,,,0,0,0,0,405733376
1650409920.6377635,public.usertable,17799,public,usertable,1,0,0,0,100000,0,0,0,100000,0,100000,100000,,,,,0,0,0,0,405733376
1650409921.6415467,public.usertable,17799,public,usertable,1,0,0,0,100000,0,0,0,100000,0,100000,100000,,,,,0,0,0,0,405733376
1650409922.6450768,public.usertable,17799,public,usertable,1,0,0,0,100000,0,0,0,100000,0,100000,100000,,,,,0,0,0,0,405733376
1650409923.6490476,public.usertable,17799,public,usertable,1,0,0,0,100000,0,0,0,100000,0,100000,100000,,,,,0,0,0,0,405733376
1650409924.6524405,public.usertable,17799,public,usertable,1,0,0,0,100000,0,0,0,100000,0,100000,100000,,,,,0,0,0,0,405733376
1650409925.6561046,public.usertable,17799,public,usertable,1,0,0,0,100000,0,0,0,100000,0,100000,100000,,,,,0,0,0,0,405733376
1650409926.6598094,public.usertable,17799,public,usertable,1,0,0,0,100000,0,0,0,100000,0,100000,100000,,,,,0,0,0,0,405733376
