ds,public.customer,public.district,public.history,public.item,public.new_order,public.oorder,public.order_line,public.stock,public.warehouse
1650325358.9649692,18636800,8192,2621440,10436608,434176,2015232,30384128,35594240,8192
1650325359.0663586,18636800,8192,2621440,10436608,434176,2015232,30384128,35594240,8192
1650325359.167797,18636800,8192,2621440,10436608,434176,2015232,30384128,35594240,8192
1650325359.2695525,18636800,8192,2621440,10436608,434176,2015232,30384128,35594240,8192
1650325359.3712797,18636800,8192,2621440,10436608,434176,2015232,30384128,35594240,8192
1650325359.4724693,18636800,8192,2621440,10436608,434176,2015232,30384128,35594240,8192
1650325359.5737293,18636800,8192,2621440,10436608,434176,2015232,30384128,35594240,8192
1650325359.6752994,18636800,8192,2621440,10436608,434176,2015232,30384128,35594240,8192
1650325359.7765098,18636800,8192,2621440,10436608,434176,2015232,30384128,35594240,8192
1650325359.8777845,18636800,8192,2621440,10436608,434176,2015232,30384128,35594240,8192
1650325359.979409,18636800,8192,2621440,10436608,434176,2015232,30384128,35618816,8192
1650325360.080951,18644992,8192,2629632,10436608,434176,2015232,30400512,35651584,8192
1650325360.1824708,18661376,8192,2629632,10436608,434176,2015232,30416896,35676160,8192
1650325360.28408,18669568,8192,2629632,10436608,434176,2015232,30433280,35717120,8192
1650325360.3853335,18694144,8192,2629632,10436608,434176,2015232,30457856,35749888,8192
1650325360.4866211,18702336,8192,2629632,10436608,442368,2015232,30474240,35799040,8192
1650325360.5882156,18726912,8192,2629632,10436608,442368,2023424,30498816,35823616,8192
1650325360.6896539,18751488,8192,2629632,10436608,442368,2023424,30515200,35856384,8192
1650325360.7911792,18767872,8192,2637824,10436608,442368,2023424,30531584,35872768,8192
1650325360.8925133,18784256,8192,2637824,10436608,442368,2023424,30556160,35905536,8192
1650325360.9940972,18800640,8192,2637824,10436608,442368,2023424,30572544,35921920,8192
1650325361.095708,18817024,8192,2637824,10436608,442368,2023424,30588928,35946496,8192
1650325361.1973526,18833408,8192,2637824,10436608,442368,2023424,30605312,35971072,8192
1650325361.2998836,18849792,8192,2646016,10436608,442368,2023424,30629888,35995648,8192
1650325361.4014616,18857984,8192,2646016,10436608,442368,2031616,30646272,36020224,8192
1650325361.5026383,18874368,8192,2646016,10436608,442368,2031616,30670848,36036608,8192
1650325361.6039913,18890752,8192,2646016,10436608,442368,2031616,30695424,36061184,8192
1650325361.7051888,18907136,8192,2646016,10436608,450560,2031616,30711808,36077568,8192
1650325361.8065052,18923520,8192,2654208,10436608,450560,2031616,30728192,36093952,8192
1650325361.908408,18931712,8192,2654208,10436608,450560,2031616,30752768,36110336,8192
1650325362.0101135,18956288,8192,2654208,10436608,450560,2039808,30777344,36126720,8192
1650325362.1112993,18972672,8192,2654208,10436608,450560,2039808,30810112,36143104,8192
1650325362.2124822,18997248,8192,2654208,10436608,450560,2039808,30834688,36159488,8192
1650325362.3136568,19030016,8192,2654208,10436608,450560,2039808,30867456,36175872,8192
1650325362.4148393,19038208,8192,2662400,10436608,450560,2039808,30892032,36192256,8192
1650325362.5163255,19062784,8192,2662400,10436608,450560,2048000,30916608,36208640,8192
1650325362.6175923,19079168,8192,2662400,10436608,458752,2048000,30941184,36225024,8192
1650325362.718839,19087360,8192,2662400,10436608,458752,2048000,30965760,36241408,8192
1650325362.8201375,19111936,8192,2670592,10436608,458752,2048000,30990336,36257792,8192
1650325362.921517,19120128,8192,2670592,10436608,458752,2048000,31014912,36274176,8192
1650325363.0226939,19136512,8192,2670592,10436608,458752,2048000,31047680,36282368,8192
1650325363.1243331,19152896,8192,2670592,10436608,458752,2056192,31072256,36298752,8192
1650325363.225968,19161088,8192,2670592,10436608,458752,2056192,31088640,36306944,8192
1650325363.3275163,19177472,8192,2678784,10436608,458752,2056192,31121408,36323328,8192
1650325363.4289336,19185664,8192,2678784,10436608,458752,2056192,31145984,36339712,8192
1650325363.5301025,19202048,8192,2678784,10436608,466944,2056192,31170560,36356096,8192
1650325363.631622,19210240,8192,2678784,10436608,466944,2056192,31195136,36364288,8192
1650325363.733132,19226624,8192,2686976,10436608,466944,2064384,31219712,36380672,8192
1650325363.8343887,19251200,8192,2686976,10436608,466944,2064384,31244288,36388864,8192
1650325363.935627,19267584,8192,2686976,10436608,466944,2064384,31268864,36397056,8192
1650325364.0368166,19283968,8192,2686976,10436608,466944,2064384,31293440,36413440,8192
1650325364.1379802,19308544,8192,2695168,10436608,466944,2064384,31318016,36413440,8192
1650325364.2391357,19324928,8192,2695168,10436608,466944,2072576,31350784,36429824,8192
1650325364.3402982,19333120,8192,2695168,10436608,466944,2072576,31367168,36438016,8192
1650325364.4419706,19349504,8192,2695168,10436608,466944,2072576,31391744,36446208,8192
1650325364.5433457,19374080,8192,2703360,10436608,475136,2072576,31416320,36446208,8192
1650325364.644588,19382272,8192,2703360,10436608,475136,2072576,31449088,36462592,8192
1650325364.7457845,19398656,8192,2703360,10436608,475136,2072576,31473664,36478976,8192
1650325364.846974,19406848,8192,2703360,10436608,475136,2080768,31498240,36487168,8192
1650325364.948136,19415040,8192,2703360,10436608,475136,2080768,31522816,36487168,8192
1650325365.049319,19423232,8192,2711552,10436608,475136,2080768,31539200,36503552,8192
1650325365.1507983,19439616,8192,2711552,10436608,475136,2080768,31571968,36503552,8192
1650325365.2523346,19447808,8192,2711552,10436608,475136,2080768,31596544,36511744,8192
1650325365.353495,19464192,8192,2711552,10436608,475136,2080768,31621120,36519936,8192
1650325365.4546556,19472384,8192,2719744,10436608,483328,2088960,31645696,36536320,8192
1650325365.5562615,19480576,8192,2719744,10436608,483328,2088960,31670272,36536320,8192
1650325365.6577158,19496960,8192,2719744,10436608,483328,2088960,31694848,36544512,8192
1650325365.7588818,19513344,8192,2719744,10436608,483328,2088960,31727616,36552704,8192
1650325365.860237,19521536,8192,2719744,10436608,483328,2088960,31752192,36552704,8192
1650325365.9619808,19529728,8192,2727936,10436608,483328,2097152,31776768,36560896,8192
1650325366.0634522,19546112,8192,2727936,10436608,483328,2097152,31801344,36569088,8192
1650325366.1645765,19554304,8192,2727936,10436608,483328,2097152,31834112,36577280,8192
1650325366.2657406,19562496,8192,2727936,10436608,483328,2097152,31858688,36585472,8192
1650325366.3669095,19570688,8192,2727936,10436608,491520,2097152,31883264,36593664,8192
1650325366.4680517,19578880,8192,2736128,10436608,491520,2097152,31907840,36601856,8192
1650325366.5692675,19587072,8192,2736128,10436608,491520,2105344,31932416,36610048,8192
1650325366.6704743,19595264,8192,2736128,10436608,491520,2105344,31956992,36610048,8192
1650325366.7716775,19603456,8192,2736128,10436608,491520,2105344,31973376,36618240,8192
1650325366.8730726,19611648,8192,2744320,10436608,491520,2105344,32006144,36626432,8192
1650325366.9744282,19611648,8192,2744320,10436608,491520,2105344,32030720,36634624,8192
1650325367.0755324,19628032,8192,2744320,10436608,491520,2113536,32055296,36634624,8192
1650325367.1768775,19636224,8192,2744320,10436608,491520,2113536,32088064,36642816,8192
1650325367.278095,19652608,8192,2752512,10436608,499712,2113536,32104448,36642816,8192
1650325367.379548,19660800,8192,2752512,10436608,499712,2113536,32129024,36651008,8192
1650325367.4808877,19677184,8192,2752512,10436608,499712,2113536,32153600,36651008,8192
1650325367.5821168,19677184,8192,2752512,10436608,499712,2113536,32178176,36659200,8192
1650325367.6835885,19685376,8192,2760704,10436608,499712,2121728,32202752,36667392,8192
1650325367.7849746,19693568,8192,2760704,10436608,499712,2121728,32227328,36675584,8192
1650325367.8861995,19701760,8192,2760704,10436608,499712,2121728,32251904,36675584,8192
1650325367.987369,19701760,8192,2760704,10436608,499712,2121728,32276480,36683776,8192
1650325368.088588,19709952,8192,2768896,10436608,499712,2121728,32301056,36691968,8192
1650325368.1899638,19709952,8192,2768896,10436608,507904,2121728,32317440,36691968,8192
1650325368.2912462,19718144,8192,2768896,10436608,507904,2129920,32342016,36700160,8192
1650325368.3925278,19726336,8192,2768896,10436608,507904,2129920,32366592,36700160,8192
1650325368.493803,19734528,8192,2768896,10436608,507904,2129920,32399360,36708352,8192
1650325368.5949237,19750912,8192,2777088,10436608,507904,2129920,32423936,36708352,8192
1650325368.6962845,19750912,8192,2777088,10436608,507904,2129920,32448512,36716544,8192
1650325368.7974977,19759104,8192,2777088,10436608,507904,2138112,32481280,36716544,8192
1650325368.8987749,19775488,8192,2777088,10436608,507904,2138112,32505856,36724736,8192
1650325369.0000527,19783680,8192,2777088,10436608,507904,2138112,32538624,36732928,8192
1650325369.1014018,19783680,8192,2785280,10436608,516096,2138112,32563200,36732928,8192
1650325369.202898,19791872,8192,2785280,10436608,516096,2138112,32587776,36741120,8192
1650325369.3044338,19800064,8192,2785280,10436608,516096,2146304,32620544,36741120,8192
1650325369.4057941,19808256,8192,2785280,10436608,516096,2146304,32645120,36749312,8192
1650325369.5072253,19816448,8192,2793472,10436608,516096,2146304,32669696,36749312,8192
1650325369.6087945,19832832,8192,2793472,10436608,516096,2146304,32702464,36749312,8192
1650325369.7101963,19832832,8192,2793472,10436608,516096,2146304,32718848,36749312,8192
1650325369.8114095,19832832,8192,2793472,10436608,516096,2146304,32743424,36757504,8192
1650325369.9130297,19849216,8192,2793472,10436608,516096,2154496,32776192,36757504,8192
1650325370.014225,19849216,8192,2801664,10436608,524288,2154496,32800768,36757504,8192
1650325370.1154945,19857408,8192,2801664,10436608,524288,2154496,32825344,36765696,8192
1650325370.2167914,19857408,8192,2801664,10436608,524288,2154496,32849920,36765696,8192
1650325370.3179781,19865600,8192,2801664,10436608,524288,2154496,32874496,36765696,8192
1650325370.419195,19865600,8192,2801664,10436608,524288,2154496,32899072,36773888,8192
1650325370.520388,19873792,8192,2809856,10436608,524288,2162688,32923648,36773888,8192
1650325370.6215467,19881984,8192,2809856,10436608,524288,2162688,32948224,36782080,8192
1650325370.7227712,19881984,8192,2809856,10436608,524288,2162688,32972800,36782080,8192
1650325370.823977,19890176,8192,2809856,10436608,524288,2162688,32997376,36782080,8192
1650325370.9252894,19890176,8192,2809856,10436608,532480,2162688,33021952,36790272,8192
1650325371.0264685,19898368,8192,2818048,10436608,532480,2170880,33054720,36790272,8192
1650325371.1275918,19906560,8192,2818048,10436608,532480,2170880,33071104,36790272,8192
1650325371.22871,19906560,8192,2818048,10436608,532480,2170880,33103872,36798464,8192
1650325371.329827,19922944,8192,2818048,10436608,532480,2170880,33120256,36798464,8192
1650325371.4309747,19931136,8192,2818048,10436608,532480,2170880,33144832,36806656,8192
1650325371.5321388,19931136,8192,2826240,10436608,532480,2170880,33169408,36806656,8192
1650325371.633676,19931136,8192,2826240,10436608,532480,2179072,33193984,36806656,8192
1650325371.7348425,19939328,8192,2826240,10436608,532480,2179072,33218560,36814848,8192
1650325371.8360217,19947520,8192,2826240,10436608,532480,2179072,33243136,36814848,8192
1650325371.937358,19955712,8192,2834432,10436608,540672,2179072,33267712,36814848,8192
1650325372.0385113,19955712,8192,2834432,10436608,540672,2179072,33300480,36823040,8192
1650325372.1396627,19963904,8192,2834432,10436608,540672,2179072,33325056,36823040,8192
1650325372.2408001,19972096,8192,2834432,10436608,540672,2187264,33357824,36823040,8192
1650325372.3419325,19980288,8192,2834432,10436608,540672,2187264,33390592,36831232,8192
1650325372.4431405,19980288,8192,2834432,10436608,540672,2187264,33415168,36831232,8192
1650325372.5442998,19988480,8192,2842624,10436608,540672,2187264,33447936,36839424,8192
1650325372.6455684,19996672,8192,2842624,10436608,540672,2187264,33472512,36839424,8192
1650325372.7468357,19996672,8192,2842624,10436608,548864,2195456,33488896,36839424,8192
1650325372.8481605,20004864,8192,2842624,10436608,548864,2195456,33521664,36839424,8192
1650325372.9494178,20004864,8192,2850816,10436608,548864,2195456,33538048,36839424,8192
1650325373.0506186,20013056,8192,2850816,10436608,548864,2195456,33570816,36847616,8192
1650325373.1517856,20013056,8192,2850816,10436608,548864,2195456,33587200,36847616,8192
1650325373.2531385,20013056,8192,2850816,10436608,548864,2195456,33611776,36855808,8192
1650325373.354365,20021248,8192,2859008,10436608,548864,2203648,33644544,36855808,8192
1650325373.4554696,20029440,8192,2859008,10436608,548864,2203648,33677312,36864000,8192
1650325373.557036,20029440,8192,2859008,10436608,548864,2203648,33701888,36864000,8192
1650325373.6582348,20037632,8192,2859008,10436608,557056,2203648,33726464,36864000,8192
1650325373.759382,20037632,8192,2859008,10436608,557056,2203648,33742848,36864000,8192
1650325373.8607512,20045824,8192,2867200,10436608,557056,2211840,33783808,36872192,8192
1650325373.9619682,20045824,8192,2867200,10436608,557056,2211840,33800192,36872192,8192
1650325374.0631444,20045824,8192,2867200,10436608,557056,2211840,33824768,36872192,8192
1650325374.1643572,20045824,8192,2867200,10436608,557056,2211840,33841152,36880384,8192
1650325374.2659292,20054016,8192,2875392,10436608,557056,2211840,33865728,36880384,8192
1650325374.3674932,20054016,8192,2875392,10436608,557056,2211840,33890304,36880384,8192
1650325374.4690511,20054016,8192,2875392,10436608,557056,2220032,33906688,36880384,8192
1650325374.5705478,20062208,8192,2875392,10436608,565248,2220032,33939456,36888576,8192
1650325374.6717563,20062208,8192,2883584,10436608,565248,2220032,33955840,36888576,8192
1650325374.7730865,20062208,8192,2883584,10436608,565248,2220032,33988608,36888576,8192
1650325374.874286,20070400,8192,2883584,10436608,565248,2220032,34013184,36888576,8192
1650325374.9755676,20070400,8192,2883584,10436608,565248,2220032,34037760,36896768,8192
1650325375.0768998,20078592,8192,2883584,10436608,565248,2228224,34062336,36896768,8192
1650325375.1780436,20078592,8192,2891776,10436608,565248,2228224,34095104,36896768,8192
1650325375.2793357,20078592,8192,2891776,10436608,565248,2228224,34111488,36904960,8192
1650325375.3808892,20078592,8192,2891776,10436608,565248,2228224,34136064,36904960,8192
1650325375.48242,20086784,8192,2891776,10436608,565248,2228224,34160640,36904960,8192
1650325375.5836127,20086784,8192,2899968,10436608,573440,2228224,34185216,36904960,8192
1650325375.6847916,20094976,8192,2899968,10436608,573440,2236416,34209792,36904960,8192
1650325375.7859528,20094976,8192,2899968,10436608,573440,2236416,34242560,36913152,8192
1650325375.887465,20094976,8192,2899968,10436608,573440,2236416,34258944,36913152,8192
1650325375.9888735,20094976,8192,2899968,10436608,573440,2236416,34291712,36913152,8192
1650325376.090044,20103168,8192,2908160,10436608,573440,2236416,34316288,36913152,8192
1650325376.1912885,20111360,8192,2908160,10436608,573440,2244608,34340864,36913152,8192
1650325376.2925258,20119552,8192,2908160,10436608,573440,2244608,34373632,36921344,8192
1650325376.3937979,20119552,8192,2908160,10436608,581632,2244608,34398208,36921344,8192
1650325376.4949617,20119552,8192,2908160,10436608,581632,2244608,34422784,36921344,8192
1650325376.596162,20127744,8192,2916352,10436608,581632,2244608,34447360,36921344,8192
1650325376.6974444,20127744,8192,2916352,10436608,581632,2252800,34480128,36921344,8192
1650325376.7988706,20127744,8192,2916352,10436608,581632,2252800,34504704,36921344,8192
1650325376.9000423,20135936,8192,2916352,10436608,581632,2252800,34529280,36929536,8192
1650325377.0015526,20135936,8192,2924544,10436608,581632,2252800,34553856,36929536,8192
1650325377.1028173,20144128,8192,2924544,10436608,581632,2252800,34586624,36929536,8192
1650325377.2039864,20144128,8192,2924544,10436608,581632,2252800,34611200,36929536,8192
1650325377.305165,20152320,8192,2924544,10436608,589824,2260992,34635776,36929536,8192
1650325377.4062603,20152320,8192,2932736,10436608,589824,2260992,34660352,36937728,8192
1650325377.5073874,20160512,8192,2932736,10436608,589824,2260992,34684928,36937728,8192
1650325377.6085901,20160512,8192,2932736,10436608,589824,2260992,34717696,36937728,8192
1650325377.7099254,20168704,8192,2932736,10436608,589824,2260992,34742272,36937728,8192
1650325377.811319,20168704,8192,2932736,10436608,589824,2260992,34766848,36945920,8192
1650325377.9124527,20176896,8192,2940928,10436608,589824,2269184,34791424,36945920,8192
1650325378.0135994,20176896,8192,2940928,10436608,589824,2269184,34816000,36945920,8192
1650325378.1148317,20185088,8192,2940928,10436608,589824,2269184,34840576,36945920,8192
1650325378.2163608,20185088,8192,2940928,10436608,598016,2269184,34873344,36954112,8192
1650325378.317797,20193280,8192,2949120,10436608,598016,2269184,34897920,36954112,8192
1650325378.4192522,20193280,8192,2949120,10436608,598016,2277376,34930688,36954112,8192
1650325378.5204453,20201472,8192,2949120,10436608,598016,2277376,34955264,36954112,8192
1650325378.6217546,20201472,8192,2949120,10436608,598016,2277376,34979840,36954112,8192
1650325378.7229714,20209664,8192,2949120,10436608,598016,2277376,35012608,36962304,8192
1650325378.824172,20209664,8192,2957312,10436608,598016,2277376,35037184,36962304,8192
1650325378.9255228,20209664,8192,2957312,10436608,598016,2285568,35069952,36962304,8192
1650325379.0268502,20209664,8192,2957312,10436608,606208,2285568,35094528,36962304,8192
1650325379.1281476,20209664,8192,2957312,10436608,606208,2285568,35119104,36970496,8192
1650325379.229539,20217856,8192,2965504,10436608,606208,2285568,35151872,36970496,8192
1650325379.3309665,20217856,8192,2965504,10436608,606208,2285568,35176448,36970496,8192
1650325379.4322941,20217856,8192,2965504,10436608,606208,2293760,35209216,36970496,8192
1650325379.5334616,20217856,8192,2965504,10436608,606208,2293760,35233792,36978688,8192
1650325379.634581,20217856,8192,2965504,10436608,606208,2293760,35250176,36978688,8192
1650325379.735702,20226048,8192,2973696,10436608,606208,2293760,35274752,36978688,8192
1650325379.837098,20226048,8192,2973696,10436608,614400,2293760,35299328,36978688,8192
1650325379.9383824,20226048,8192,2973696,10436608,614400,2301952,35332096,36978688,8192
1650325380.039695,20234240,8192,2973696,10436608,614400,2301952,35364864,36986880,8192
1650325380.1410878,20234240,8192,2981888,10436608,614400,2301952,35389440,36986880,8192
1650325380.2422988,20242432,8192,2981888,10436608,614400,2301952,35422208,36986880,8192
1650325380.3436956,20242432,8192,2981888,10436608,614400,2301952,35446784,36986880,8192
1650325380.4450088,20242432,8192,2981888,10436608,614400,2310144,35471360,36986880,8192
1650325380.5463743,20250624,8192,2981888,10436608,614400,2310144,35504128,36995072,8192
1650325380.6476395,20250624,8192,2990080,10436608,614400,2310144,35520512,36995072,8192
1650325380.7489405,20250624,8192,2990080,10436608,622592,2310144,35545088,36995072,8192
1650325380.8502023,20258816,8192,2990080,10436608,622592,2310144,35561472,36995072,8192
1650325380.9513986,20258816,8192,2990080,10436608,622592,2310144,35586048,36995072,8192
1650325381.0529277,20267008,8192,2998272,10436608,622592,2318336,35618816,37003264,8192
1650325381.154453,20267008,8192,2998272,10436608,622592,2318336,35643392,37003264,8192
1650325381.2556472,20267008,8192,2998272,10436608,622592,2318336,35667968,37003264,8192
1650325381.3568344,20275200,8192,2998272,10436608,622592,2318336,35692544,37003264,8192
1650325381.4580042,20275200,8192,3006464,10436608,622592,2318336,35725312,37003264,8192
1650325381.5590754,20275200,8192,3006464,10436608,630784,2326528,35749888,37011456,8192
1650325381.660217,20275200,8192,3006464,10436608,630784,2326528,35766272,37011456,8192
1650325381.761388,20275200,8192,3006464,10436608,630784,2326528,35799040,37011456,8192
1650325381.8629057,20283392,8192,3006464,10436608,630784,2326528,35831808,37011456,8192
1650325381.964427,20283392,8192,3014656,10436608,630784,2326528,35856384,37011456,8192
1650325382.0659418,20283392,8192,3014656,10436608,630784,2334720,35880960,37019648,8192
1650325382.1673334,20283392,8192,3014656,10436608,630784,2334720,35905536,37019648,8192
1650325382.268628,20291584,8192,3014656,10436608,630784,2334720,35930112,37019648,8192
1650325382.3700442,20291584,8192,3022848,10436608,630784,2334720,35954688,37019648,8192
1650325382.4715915,20299776,8192,3022848,10436608,638976,2334720,35979264,37019648,8192
1650325382.5728605,20299776,8192,3022848,10436608,638976,2334720,35995648,37019648,8192
1650325382.6743758,20299776,8192,3022848,10436608,638976,2342912,36020224,37019648,8192
1650325382.7758613,20299776,8192,3031040,10436608,638976,2342912,36044800,37019648,8192
1650325382.8774126,20307968,8192,3031040,10436608,638976,2342912,36069376,37027840,8192
1650325382.9789455,20307968,8192,3031040,10436608,638976,2342912,36093952,37027840,8192
1650325383.0802798,20307968,8192,3039232,10436608,638976,2342912,36118528,37027840,8192
1650325383.1818018,20307968,8192,3039232,10436608,638976,2351104,36143104,37027840,8192
1650325383.2832603,20307968,8192,3039232,10436608,647168,2351104,36167680,37027840,8192
1650325383.3846555,20316160,8192,3039232,10436608,647168,2351104,36200448,37027840,8192
1650325383.4857488,20316160,8192,3047424,10436608,647168,2351104,36225024,37036032,8192
1650325383.5870433,20316160,8192,3047424,10436608,647168,2351104,36257792,37036032,8192
1650325383.6882193,20316160,8192,3047424,10436608,647168,2359296,36282368,37036032,8192
1650325383.789681,20316160,8192,3047424,10436608,647168,2359296,36306944,37036032,8192
1650325383.890983,20324352,8192,3055616,10436608,647168,2359296,36339712,37044224,8192
1650325383.9921482,20324352,8192,3055616,10436608,647168,2359296,36372480,37044224,8192
1650325384.093344,20324352,8192,3055616,10436608,647168,2359296,36397056,37044224,8192
1650325384.1944997,20324352,8192,3055616,10436608,655360,2359296,36421632,37044224,8192
1650325384.2956421,20324352,8192,3055616,10436608,655360,2367488,36446208,37044224,8192
1650325384.3968546,20332544,8192,3055616,10436608,655360,2367488,36478976,37044224,8192
1650325384.498077,20332544,8192,3063808,10436608,655360,2367488,36503552,37052416,8192
1650325384.5992482,20340736,8192,3063808,10436608,655360,2367488,36519936,37052416,8192
1650325384.7003977,20340736,8192,3063808,10436608,655360,2367488,36552704,37052416,8192
1650325384.8016393,20340736,8192,3063808,10436608,655360,2375680,36569088,37052416,8192
1650325384.9028916,20340736,8192,3072000,10436608,655360,2375680,36593664,37052416,8192
1650325385.0042727,20340736,8192,3072000,10436608,655360,2375680,36626432,37052416,8192
1650325385.105619,20340736,8192,3072000,10436608,663552,2375680,36651008,37060608,8192
1650325385.2069561,20340736,8192,3072000,10436608,663552,2375680,36675584,37060608,8192
1650325385.3084674,20348928,8192,3080192,10436608,663552,2375680,36700160,37060608,8192
1650325385.409625,20348928,8192,3080192,10436608,663552,2383872,36724736,37060608,8192
1650325385.5107787,20348928,8192,3080192,10436608,663552,2383872,36749312,37060608,8192
1650325385.6119905,20357120,8192,3080192,10436608,663552,2383872,36773888,37068800,8192
1650325385.7132268,20357120,8192,3088384,10436608,663552,2383872,36806656,37068800,8192
1650325385.8145022,20357120,8192,3088384,10436608,663552,2383872,36831232,37068800,8192
1650325385.915682,20357120,8192,3088384,10436608,663552,2392064,36855808,37068800,8192
1650325386.0168755,20365312,8192,3096576,10436608,671744,2392064,36880384,37068800,8192
1650325386.1182253,20365312,8192,3096576,10436608,671744,2392064,36913152,37068800,8192
1650325386.2195687,20365312,8192,3096576,10436608,671744,2392064,36937728,37076992,8192
1650325386.320907,20365312,8192,3096576,10436608,671744,2392064,36962304,37076992,8192
1650325386.4220493,20365312,8192,3104768,10436608,671744,2400256,36986880,37076992,8192
1650325386.5235538,20365312,8192,3104768,10436608,671744,2400256,37011456,37076992,8192
1650325386.6247177,20365312,8192,3104768,10436608,671744,2400256,37036032,37076992,8192
1650325386.7263439,20365312,8192,3104768,10436608,679936,2400256,37060608,37076992,8192
1650325386.8278382,20373504,8192,3112960,10436608,679936,2400256,37076992,37076992,8192
1650325386.931359,20373504,8192,3112960,10436608,679936,2400256,37109760,37076992,8192
1650325387.032777,20373504,8192,3112960,10436608,679936,2408448,37134336,37076992,8192
1650325387.1342978,20373504,8192,3112960,10436608,679936,2408448,37167104,37085184,8192
1650325387.235477,20373504,8192,3121152,10436608,679936,2408448,37191680,37085184,8192
1650325387.3366494,20373504,8192,3121152,10436608,679936,2408448,37216256,37085184,8192
1650325387.4382715,20373504,8192,3121152,10436608,679936,2408448,37232640,37085184,8192
1650325387.5396085,20373504,8192,3121152,10436608,679936,2416640,37265408,37085184,8192
1650325387.6407886,20381696,8192,3129344,10436608,688128,2416640,37289984,37085184,8192
1650325387.7422295,20381696,8192,3129344,10436608,688128,2416640,37314560,37085184,8192
1650325387.8437104,20389888,8192,3129344,10436608,688128,2416640,37339136,37093376,8192
1650325387.9448717,20389888,8192,3129344,10436608,688128,2416640,37371904,37093376,8192
1650325388.0460334,20389888,8192,3129344,10436608,688128,2416640,37396480,37093376,8192
1650325388.1472402,20389888,8192,3129344,10436608,688128,2424832,37429248,37093376,8192
1650325388.2484045,20389888,8192,3137536,10436608,688128,2424832,37453824,37093376,8192
1650325388.3498619,20389888,8192,3137536,10436608,688128,2424832,37486592,37101568,8192
1650325388.4510267,20389888,8192,3137536,10436608,696320,2424832,37519360,37101568,8192
1650325388.5525384,20389888,8192,3137536,10436608,696320,2424832,37543936,37101568,8192
1650325388.6541345,20398080,8192,3145728,10436608,696320,2433024,37560320,37101568,8192
1650325388.7553031,20398080,8192,3145728,10436608,696320,2433024,37593088,37101568,8192
1650325388.8565028,20398080,8192,3145728,10436608,696320,2433024,37617664,37101568,8192
1650325388.957618,20398080,8192,3145728,10436608,696320,2433024,37642240,37101568,8192
1650325389.0589206,20398080,8192,3145728,10436608,696320,2433024,37675008,37109760,8192
1650325389.160143,20398080,8192,3153920,10436608,696320,2441216,37699584,37109760,8192
1650325389.2613509,20398080,8192,3153920,10436608,696320,2441216,37732352,37109760,8192
1650325389.3626454,20406272,8192,3153920,10436608,704512,2441216,37756928,37109760,8192
1650325389.4639397,20406272,8192,3153920,10436608,704512,2441216,37781504,37109760,8192
1650325389.565258,20406272,8192,3153920,10436608,704512,2441216,37806080,37109760,8192
1650325389.6667683,20406272,8192,3162112,10436608,704512,2441216,37830656,37109760,8192
1650325389.7679915,20414464,8192,3162112,10436608,704512,2449408,37863424,37117952,8192
1650325389.8691645,20414464,8192,3162112,10436608,704512,2449408,37888000,37117952,8192
1650325389.97051,20414464,8192,3162112,10436608,704512,2449408,37912576,37117952,8192
1650325390.0716987,20414464,8192,3170304,10436608,704512,2449408,37945344,37117952,8192
1650325390.1730351,20422656,8192,3170304,10436608,712704,2449408,37969920,37117952,8192
1650325390.274322,20422656,8192,3170304,10436608,712704,2457600,38002688,37117952,8192
1650325390.375626,20422656,8192,3170304,10436608,712704,2457600,38027264,37117952,8192
1650325390.4773793,20422656,8192,3170304,10436608,712704,2457600,38051840,37117952,8192
1650325390.5789084,20422656,8192,3178496,10436608,712704,2457600,38076416,37126144,8192
1650325390.6802163,20430848,8192,3178496,10436608,712704,2457600,38109184,37126144,8192
1650325390.7818851,20430848,8192,3178496,10436608,712704,2465792,38133760,37126144,8192
1650325390.8830702,20430848,8192,3178496,10436608,712704,2465792,38150144,37126144,8192
1650325390.9844313,20430848,8192,3186688,10436608,712704,2465792,38174720,37126144,8192
1650325391.0857222,20430848,8192,3186688,10436608,720896,2465792,38199296,37126144,8192
1650325391.186929,20439040,8192,3186688,10436608,720896,2465792,38240256,37126144,8192
1650325391.2881296,20439040,8192,3186688,10436608,720896,2465792,38264832,37134336,8192
1650325391.3895738,20439040,8192,3186688,10436608,720896,2473984,38297600,37134336,8192
1650325391.491143,20439040,8192,3194880,10436608,720896,2473984,38313984,37134336,8192
1650325391.5925627,20439040,8192,3194880,10436608,720896,2473984,38346752,37134336,8192
1650325391.6940691,20439040,8192,3194880,10436608,720896,2473984,38354944,37134336,8192
1650325391.7956042,20447232,8192,3194880,10436608,720896,2473984,38387712,37134336,8192
1650325391.8970842,20447232,8192,3194880,10436608,720896,2473984,38412288,37134336,8192
1650325391.998479,20447232,8192,3203072,10436608,729088,2482176,38436864,37134336,8192
1650325392.0997245,20447232,8192,3203072,10436608,729088,2482176,38453248,37134336,8192
1650325392.2010796,20447232,8192,3203072,10436608,729088,2482176,38477824,37134336,8192
1650325392.302306,20447232,8192,3211264,10436608,729088,2482176,38502400,37134336,8192
1650325392.4035358,20447232,8192,3211264,10436608,729088,2482176,38526976,37134336,8192
1650325392.5049102,20455424,8192,3211264,10436608,729088,2490368,38559744,37134336,8192
1650325392.606452,20455424,8192,3211264,10436608,729088,2490368,38592512,37134336,8192
1650325392.707673,20455424,8192,3211264,10436608,729088,2490368,38617088,37134336,8192
1650325392.8093104,20455424,8192,3219456,10436608,729088,2490368,38641664,37134336,8192
1650325392.9108636,20455424,8192,3219456,10436608,737280,2490368,38666240,37134336,8192
1650325393.0124962,20455424,8192,3219456,10436608,737280,2490368,38690816,37142528,8192
1650325393.1140378,20455424,8192,3219456,10436608,737280,2498560,38707200,37142528,8192
1650325393.215295,20455424,8192,3227648,10436608,737280,2498560,38739968,37142528,8192
1650325393.3166866,20463616,8192,3227648,10436608,737280,2498560,38764544,37142528,8192
1650325393.4180164,20463616,8192,3227648,10436608,737280,2498560,38797312,37142528,8192
1650325393.519334,20463616,8192,3227648,10436608,737280,2498560,38821888,37142528,8192
1650325393.620843,20463616,8192,3235840,10436608,737280,2506752,38854656,37142528,8192
1650325393.7220383,20463616,8192,3235840,10436608,737280,2506752,38871040,37142528,8192
1650325393.8233502,20463616,8192,3235840,10436608,737280,2506752,38903808,37142528,8192
1650325393.9245198,20463616,8192,3235840,10436608,745472,2506752,38928384,37142528,8192
1650325394.025869,20463616,8192,3235840,10436608,745472,2506752,38952960,37142528,8192
1650325394.1272128,20463616,8192,3244032,10436608,745472,2506752,38985728,37142528,8192
1650325394.2283885,20471808,8192,3244032,10436608,745472,2514944,39010304,37150720,8192
1650325394.3296835,20471808,8192,3244032,10436608,745472,2514944,39034880,37150720,8192
1650325394.4308977,20471808,8192,3244032,10436608,745472,2514944,39067648,37150720,8192
1650325394.532162,20471808,8192,3252224,10436608,745472,2514944,39092224,37150720,8192
1650325394.6333847,20471808,8192,3252224,10436608,745472,2514944,39116800,37150720,8192
1650325394.7346416,20480000,8192,3252224,10436608,753664,2523136,39149568,37150720,8192
1650325394.8358219,20480000,8192,3252224,10436608,753664,2523136,39174144,37150720,8192
1650325394.9375172,20480000,8192,3252224,10436608,753664,2523136,39198720,37150720,8192
1650325395.0387287,20480000,8192,3260416,10436608,753664,2523136,39231488,37150720,8192
1650325395.1399012,20480000,8192,3260416,10436608,753664,2523136,39256064,37150720,8192
1650325395.241135,20480000,8192,3260416,10436608,753664,2531328,39272448,37150720,8192
1650325395.3422863,20480000,8192,3260416,10436608,753664,2531328,39297024,37158912,8192
1650325395.4434793,20480000,8192,3268608,10436608,753664,2531328,39329792,37158912,8192
1650325395.5447628,20488192,8192,3268608,10436608,761856,2531328,39354368,37158912,8192
1650325395.6460285,20488192,8192,3268608,10436608,761856,2531328,39387136,37158912,8192
1650325395.7472374,20488192,8192,3268608,10436608,761856,2531328,39419904,37158912,8192
1650325395.848496,20488192,8192,3276800,10436608,761856,2539520,39444480,37158912,8192
1650325395.9495811,20488192,8192,3276800,10436608,761856,2539520,39477248,37158912,8192
1650325396.0507402,20488192,8192,3276800,10436608,761856,2539520,39501824,37158912,8192
1650325396.1521525,20488192,8192,3276800,10436608,761856,2539520,39526400,37158912,8192
1650325396.2536821,20488192,8192,3276800,10436608,761856,2539520,39559168,37158912,8192
1650325396.3549366,20488192,8192,3284992,10436608,761856,2547712,39583744,37158912,8192
1650325396.4561713,20496384,8192,3284992,10436608,770048,2547712,39608320,37158912,8192
1650325396.557399,20496384,8192,3284992,10436608,770048,2547712,39632896,37158912,8192
1650325396.6585717,20496384,8192,3284992,10436608,770048,2547712,39649280,37167104,8192
1650325396.7597027,20496384,8192,3293184,10436608,770048,2547712,39673856,37167104,8192
1650325396.8609188,20496384,8192,3293184,10436608,770048,2547712,39698432,37167104,8192
1650325396.962105,20496384,8192,3293184,10436608,770048,2555904,39723008,37167104,8192
1650325397.063626,20496384,8192,3293184,10436608,770048,2555904,39755776,37167104,8192
1650325397.1652088,20496384,8192,3301376,10436608,770048,2555904,39780352,37167104,8192
1650325397.2664962,20496384,8192,3301376,10436608,770048,2555904,39804928,37167104,8192
1650325397.3680258,20496384,8192,3301376,10436608,778240,2555904,39829504,37167104,8192
1650325397.4693215,20504576,8192,3301376,10436608,778240,2564096,39862272,37167104,8192
1650325397.5707352,20504576,8192,3301376,10436608,778240,2564096,39886848,37167104,8192
1650325397.6721725,20504576,8192,3309568,10436608,778240,2564096,39911424,37167104,8192
1650325397.7738578,20504576,8192,3309568,10436608,778240,2564096,39936000,37167104,8192
1650325397.8753114,20504576,8192,3309568,10436608,778240,2564096,39960576,37175296,8192
1650325397.977031,20504576,8192,3309568,10436608,778240,2564096,39985152,37175296,8192
1650325398.0784743,20504576,8192,3317760,10436608,778240,2572288,40017920,37175296,8192
1650325398.1800134,20504576,8192,3317760,10436608,786432,2572288,40042496,37175296,8192
1650325398.281556,20504576,8192,3317760,10436608,786432,2572288,40058880,37175296,8192
1650325398.3829315,20504576,8192,3317760,10436608,786432,2572288,40083456,37175296,8192
1650325398.4841177,20504576,8192,3325952,10436608,786432,2572288,40108032,37175296,8192
1650325398.5852716,20504576,8192,3325952,10436608,786432,2572288,40132608,37175296,8192
1650325398.6864645,20512768,8192,3325952,10436608,786432,2580480,40165376,37175296,8192
1650325398.7876153,20512768,8192,3325952,10436608,786432,2580480,40189952,37175296,8192
1650325398.888787,20512768,8192,3325952,10436608,786432,2580480,40214528,37175296,8192
1650325398.9899373,20512768,8192,3334144,10436608,786432,2580480,40239104,37183488,8192
1650325399.0913327,20512768,8192,3334144,10436608,786432,2580480,40271872,37183488,8192
1650325399.1928973,20512768,8192,3334144,10436608,794624,2588672,40296448,37183488,8192
1650325399.2940903,20512768,8192,3334144,10436608,794624,2588672,40329216,37183488,8192
1650325399.3952394,20512768,8192,3334144,10436608,794624,2588672,40353792,37183488,8192
1650325399.4967923,20512768,8192,3334144,10436608,794624,2588672,40386560,37183488,8192
1650325399.5981843,20512768,8192,3342336,10436608,794624,2588672,40411136,37183488,8192
1650325399.6997306,20512768,8192,3342336,10436608,794624,2596864,40435712,37183488,8192
1650325399.8009517,20512768,8192,3342336,10436608,794624,2596864,40460288,37183488,8192
1650325399.9021773,20520960,8192,3342336,10436608,794624,2596864,40484864,37183488,8192
1650325400.003384,20520960,8192,3350528,10436608,802816,2596864,40509440,37183488,8192
1650325400.10477,20520960,8192,3350528,10436608,802816,2596864,40534016,37183488,8192
1650325400.206077,20520960,8192,3350528,10436608,802816,2605056,40558592,37183488,8192
1650325400.307468,20520960,8192,3350528,10436608,802816,2605056,40591360,37183488,8192
1650325400.408632,20520960,8192,3350528,10436608,802816,2605056,40615936,37191680,8192
1650325400.5101795,20520960,8192,3358720,10436608,802816,2605056,40640512,37191680,8192
1650325400.6117036,20520960,8192,3358720,10436608,802816,2605056,40665088,37191680,8192
1650325400.7128997,20520960,8192,3358720,10436608,802816,2613248,40697856,37191680,8192
1650325400.8140697,20520960,8192,3358720,10436608,802816,2613248,40722432,37191680,8192
1650325400.9153206,20520960,8192,3366912,10436608,811008,2613248,40747008,37191680,8192
1650325401.0166364,20529152,8192,3366912,10436608,811008,2613248,40779776,37191680,8192
1650325401.117748,20529152,8192,3366912,10436608,811008,2613248,40812544,37191680,8192
1650325401.218908,20529152,8192,3375104,10436608,811008,2613248,40828928,37191680,8192
1650325401.3200858,20529152,8192,3375104,10436608,811008,2621440,40861696,37191680,8192
1650325401.4212625,20529152,8192,3375104,10436608,811008,2621440,40886272,37191680,8192
1650325401.5224345,20529152,8192,3375104,10436608,811008,2621440,40910848,37191680,8192
1650325401.6237872,20529152,8192,3375104,10436608,811008,2621440,40935424,37191680,8192
1650325401.7251751,20529152,8192,3383296,10436608,811008,2621440,40968192,37191680,8192
1650325401.8265314,20529152,8192,3383296,10436608,819200,2629632,40992768,37191680,8192
1650325401.9277532,20529152,8192,3383296,10436608,819200,2629632,41017344,37191680,8192
1650325402.0290327,20529152,8192,3383296,10436608,819200,2629632,41041920,37191680,8192
1650325402.1303174,20537344,8192,3391488,10436608,819200,2629632,41066496,37191680,8192
1650325402.2315028,20537344,8192,3391488,10436608,819200,2629632,41099264,37199872,8192
1650325402.3329303,20537344,8192,3391488,10436608,819200,2629632,41123840,37199872,8192
1650325402.4344256,20537344,8192,3391488,10436608,819200,2637824,41148416,37199872,8192
1650325402.535794,20537344,8192,3391488,10436608,819200,2637824,41172992,37199872,8192
1650325402.6373446,20537344,8192,3399680,10436608,819200,2637824,41205760,37199872,8192
1650325402.7387996,20537344,8192,3399680,10436608,827392,2637824,41230336,37199872,8192
1650325402.8400292,20537344,8192,3399680,10436608,827392,2637824,41254912,37199872,8192
1650325402.9416468,20537344,8192,3399680,10436608,827392,2646016,41287680,37199872,8192
1650325403.0428612,20537344,8192,3399680,10436608,827392,2646016,41312256,37199872,8192
1650325403.1440175,20537344,8192,3399680,10436608,827392,2646016,41336832,37199872,8192
1650325403.2452142,20537344,8192,3407872,10436608,827392,2646016,41361408,37199872,8192
1650325403.3463905,20537344,8192,3407872,10436608,827392,2646016,41385984,37199872,8192
1650325403.4475813,20537344,8192,3407872,10436608,827392,2646016,41410560,37199872,8192
1650325403.5488908,20545536,8192,3407872,10436608,827392,2654208,41435136,37199872,8192
1650325403.6503775,20545536,8192,3416064,10436608,835584,2654208,41459712,37199872,8192
1650325403.751559,20545536,8192,3416064,10436608,835584,2654208,41484288,37199872,8192
1650325403.8527668,20545536,8192,3416064,10436608,835584,2654208,41508864,37208064,8192
1650325403.9542594,20545536,8192,3424256,10436608,835584,2654208,41525248,37208064,8192
1650325404.0554485,20545536,8192,3424256,10436608,835584,2662400,41558016,37208064,8192
1650325404.1567478,20545536,8192,3424256,10436608,835584,2662400,41582592,37208064,8192
1650325404.2579105,20545536,8192,3424256,10436608,835584,2662400,41607168,37208064,8192
1650325404.359451,20545536,8192,3424256,10436608,835584,2662400,41639936,37208064,8192
1650325404.46102,20545536,8192,3432448,10436608,835584,2662400,41664512,37208064,8192
1650325404.5621893,20545536,8192,3432448,10436608,835584,2662400,41689088,37208064,8192
1650325404.663555,20545536,8192,3432448,10436608,843776,2670592,41705472,37208064,8192
1650325404.7649615,20545536,8192,3432448,10436608,843776,2670592,41738240,37208064,8192
1650325404.8661714,20545536,8192,3440640,10436608,843776,2670592,41754624,37208064,8192
1650325404.9676943,20545536,8192,3440640,10436608,843776,2670592,41787392,37208064,8192
1650325405.0689163,20545536,8192,3440640,10436608,843776,2670592,41811968,37208064,8192
1650325405.170051,20545536,8192,3440640,10436608,843776,2678784,41836544,37208064,8192
1650325405.2715814,20545536,8192,3448832,10436608,843776,2678784,41869312,37208064,8192
1650325405.3728402,20545536,8192,3448832,10436608,843776,2678784,41893888,37208064,8192
1650325405.4741566,20545536,8192,3448832,10436608,843776,2678784,41918464,37208064,8192
1650325405.5753336,20553728,8192,3448832,10436608,851968,2678784,41943040,37208064,8192
1650325405.6768649,20553728,8192,3448832,10436608,851968,2678784,41967616,37216256,8192
1650325405.7780519,20553728,8192,3457024,10436608,851968,2686976,41992192,37216256,8192
1650325405.8793352,20553728,8192,3457024,10436608,851968,2686976,42016768,37216256,8192
1650325405.9809752,20553728,8192,3457024,10436608,851968,2686976,42049536,37216256,8192
1650325406.0821686,20553728,8192,3457024,10436608,851968,2686976,42074112,37216256,8192
1650325406.1834629,20553728,8192,3465216,10436608,851968,2686976,42106880,37216256,8192
1650325406.2848287,20553728,8192,3465216,10436608,851968,2695168,42131456,37216256,8192
1650325406.3862898,20553728,8192,3465216,10436608,851968,2695168,42156032,37216256,8192
1650325406.48769,20553728,8192,3473408,10436608,851968,2695168,42180608,37216256,8192
1650325406.5890565,20561920,8192,3473408,10436608,860160,2695168,42205184,37216256,8192
1650325406.6902318,20561920,8192,3473408,10436608,860160,2695168,42229760,37216256,8192
1650325406.7914512,20561920,8192,3473408,10436608,860160,2695168,42254336,37216256,8192
1650325406.8926373,20561920,8192,3473408,10436608,860160,2703360,42287104,37216256,8192
1650325406.9938352,20561920,8192,3481600,10436608,860160,2703360,42311680,37216256,8192
1650325407.0950046,20561920,8192,3481600,10436608,860160,2703360,42328064,37216256,8192
1650325407.1961231,20561920,8192,3481600,10436608,860160,2703360,42360832,37216256,8192
1650325407.297318,20561920,8192,3481600,10436608,860160,2703360,42385408,37216256,8192
1650325407.3984473,20561920,8192,3489792,10436608,860160,2703360,42409984,37216256,8192
1650325407.4998462,20561920,8192,3489792,10436608,868352,2711552,42434560,37216256,8192
1650325407.6012285,20561920,8192,3489792,10436608,868352,2711552,42467328,37216256,8192
1650325407.7024531,20561920,8192,3489792,10436608,868352,2711552,42491904,37216256,8192
1650325407.8036597,20561920,8192,3489792,10436608,868352,2711552,42524672,37216256,8192
1650325407.9050179,20561920,8192,3497984,10436608,868352,2719744,42549248,37216256,8192
1650325408.0062056,20570112,8192,3497984,10436608,868352,2719744,42582016,37216256,8192
1650325408.1074145,20570112,8192,3497984,10436608,868352,2719744,42606592,37216256,8192
1650325408.208967,20570112,8192,3497984,10436608,868352,2719744,42631168,37216256,8192
1650325408.31039,20570112,8192,3506176,10436608,868352,2719744,42663936,37224448,8192
1650325408.4119103,20570112,8192,3506176,10436608,876544,2727936,42696704,37224448,8192
1650325408.5131354,20570112,8192,3506176,10436608,876544,2727936,42729472,37224448,8192
1650325408.6142597,20570112,8192,3506176,10436608,876544,2727936,42754048,37224448,8192
1650325408.7156472,20570112,8192,3514368,10436608,876544,2727936,42795008,37224448,8192
1650325408.8169656,20570112,8192,3514368,10436608,876544,2727936,42811392,37224448,8192
1650325408.9182599,20570112,8192,3514368,10436608,876544,2736128,42852352,37224448,8192
1650325409.0194767,20570112,8192,3514368,10436608,876544,2736128,42868736,37224448,8192
1650325409.1206682,20570112,8192,3514368,10436608,876544,2736128,42885120,37224448,8192
1650325409.2218223,20570112,8192,3522560,10436608,876544,2736128,42909696,37224448,8192
1650325409.3229403,20570112,8192,3522560,10436608,884736,2736128,42934272,37224448,8192
1650325409.4240882,20570112,8192,3522560,10436608,884736,2736128,42958848,37224448,8192
1650325409.5252693,20570112,8192,3522560,10436608,884736,2736128,42983424,37224448,8192
1650325409.6265419,20570112,8192,3522560,10436608,884736,2744320,43016192,37224448,8192
1650325409.7280579,20570112,8192,3522560,10436608,884736,2744320,43057152,37224448,8192
1650325409.82958,20570112,8192,3530752,10436608,884736,2744320,43089920,37224448,8192
1650325409.9311001,20570112,8192,3530752,10436608,884736,2744320,43114496,37224448,8192
1650325410.032319,20578304,8192,3530752,10436608,884736,2744320,43147264,37224448,8192
1650325410.1338606,20578304,8192,3530752,10436608,892928,2752512,43171840,37224448,8192
1650325410.235262,20578304,8192,3530752,10436608,892928,2752512,43196416,37224448,8192
1650325410.3366828,20578304,8192,3538944,10436608,892928,2752512,43229184,37224448,8192
1650325410.4378774,20578304,8192,3538944,10436608,892928,2752512,43261952,37224448,8192
1650325410.5394402,20578304,8192,3538944,10436608,892928,2752512,43286528,37224448,8192
1650325410.640957,20578304,8192,3538944,10436608,892928,2760704,43311104,37224448,8192
1650325410.7423027,20578304,8192,3547136,10436608,892928,2760704,43335680,37232640,8192
1650325410.843461,20578304,8192,3547136,10436608,892928,2760704,43360256,37232640,8192
1650325410.944964,20578304,8192,3547136,10436608,892928,2760704,43384832,37232640,8192
1650325411.0461595,20578304,8192,3547136,10436608,901120,2760704,43417600,37232640,8192
1650325411.147335,20578304,8192,3555328,10436608,901120,2768896,43442176,37232640,8192
1650325411.2485297,20578304,8192,3555328,10436608,901120,2768896,43474944,37232640,8192
1650325411.3497345,20578304,8192,3555328,10436608,901120,2768896,43491328,37232640,8192
1650325411.450889,20578304,8192,3555328,10436608,901120,2768896,43515904,37232640,8192
1650325411.5520713,20578304,8192,3563520,10436608,901120,2768896,43540480,37232640,8192
1650325411.6533732,20578304,8192,3563520,10436608,901120,2768896,43573248,37232640,8192
1650325411.7545621,20578304,8192,3563520,10436608,901120,2777088,43606016,37232640,8192
1650325411.8557525,20578304,8192,3563520,10436608,901120,2777088,43630592,37232640,8192
1650325411.9570956,20586496,8192,3563520,10436608,909312,2777088,43671552,37232640,8192
1650325412.058271,20586496,8192,3563520,10436608,909312,2777088,43696128,37232640,8192
1650325412.1594412,20586496,8192,3571712,10436608,909312,2777088,43720704,37232640,8192
1650325412.2606144,20586496,8192,3571712,10436608,909312,2785280,43753472,37232640,8192
1650325412.361862,20586496,8192,3571712,10436608,909312,2785280,43786240,37232640,8192
1650325412.4635108,20586496,8192,3571712,10436608,909312,2785280,43819008,37232640,40960
1650325412.5648196,20586496,8192,3571712,10436608,909312,2785280,43851776,37240832,40960
1650325412.666373,20586496,40960,3579904,10436608,909312,2793472,43909120,37249024,40960
1650325412.767581,20586496,40960,3579904,10436608,909312,2793472,43925504,37257216,40960
1650325412.8690128,20594688,49152,3579904,10436608,917504,2793472,43974656,37273600,49152
1650325412.9704256,20594688,57344,3579904,10436608,917504,2801664,43999232,37298176,49152
1650325413.0720642,20594688,57344,3579904,10436608,917504,2801664,44032000,37339136,49152
1650325413.1736975,20602880,65536,3588096,10436608,917504,2801664,44064768,37363712,49152
1650325413.274948,20602880,65536,3588096,10436608,917504,2801664,44089344,37404672,57344
1650325413.3764575,20611072,73728,3588096,10436608,917504,2801664,44105728,37412864,57344
1650325413.4777637,20611072,73728,3588096,10436608,917504,2809856,44138496,37421056,57344
1650325413.579024,20611072,73728,3596288,10436608,917504,2809856,44154880,37429248,57344
1650325413.680639,20611072,73728,3596288,10436608,917504,2809856,44195840,37437440,57344
1650325413.7822306,20611072,73728,3596288,10436608,925696,2809856,44220416,37462016,65536
1650325413.8838804,20611072,73728,3596288,10436608,925696,2809856,44261376,37478400,65536
1650325413.9853258,20611072,73728,3596288,10436608,925696,2809856,44294144,37478400,65536
1650325414.0867264,20619264,73728,3596288,10436608,925696,2818048,44318720,37478400,65536
1650325414.188016,20619264,73728,3604480,10436608,925696,2818048,44351488,37478400,65536
1650325414.2892554,20619264,73728,3604480,10436608,925696,2818048,44376064,37478400,65536
1650325414.3906274,20619264,73728,3604480,10436608,925696,2818048,44392448,37478400,65536
1650325414.4920025,20619264,73728,3604480,10436608,925696,2818048,44392448,37486592,65536
1650325414.5932434,20619264,73728,3604480,10436608,925696,2818048,44392448,37494784,65536
1650325414.6943257,20619264,73728,3612672,10436608,925696,2818048,44392448,37494784,65536
1650325414.7954512,20619264,73728,3612672,10436608,925696,2818048,44392448,37494784,65536
1650325414.8968818,20619264,73728,3612672,10436608,925696,2818048,44392448,37494784,65536
1650325414.9981556,20619264,73728,3612672,10436608,925696,2818048,44392448,37494784,65536
1650325415.0995836,20619264,73728,3620864,10436608,925696,2818048,44392448,37494784,65536
1650325415.2011697,20619264,73728,3620864,10436608,925696,2818048,44392448,37494784,65536
1650325415.302355,20619264,73728,3620864,10436608,925696,2818048,44392448,37494784,65536
1650325415.40352,20619264,73728,3620864,10436608,925696,2818048,44392448,37494784,65536
1650325415.5047364,20619264,73728,3620864,10436608,925696,2818048,44392448,37494784,65536
1650325415.6059825,20619264,73728,3620864,10436608,925696,2818048,44392448,37494784,65536
1650325415.707374,20619264,73728,3629056,10436608,925696,2818048,44392448,37494784,65536
1650325415.8086693,20619264,73728,3629056,10436608,925696,2818048,44392448,37494784,65536
1650325415.9098492,20619264,73728,3629056,10436608,925696,2826240,44392448,37494784,65536
1650325416.0112069,20619264,73728,3629056,10436608,925696,2826240,44392448,37494784,65536
1650325416.1128054,20619264,73728,3637248,10436608,925696,2826240,44392448,37494784,65536
1650325416.2141337,20619264,73728,3637248,10436608,925696,2826240,44392448,37494784,65536
1650325416.3153296,20619264,73728,3637248,10436608,925696,2826240,44392448,37494784,65536
1650325416.4165404,20619264,73728,3637248,10436608,925696,2826240,44392448,37494784,65536
1650325416.517705,20619264,73728,3645440,10436608,925696,2834432,44392448,37494784,65536
1650325416.6190882,20627456,73728,3645440,10436608,925696,2834432,44392448,37494784,65536
1650325416.7205718,20627456,73728,3645440,10436608,925696,2834432,44392448,37494784,65536
1650325416.821753,20627456,73728,3645440,10436608,925696,2834432,44392448,37494784,65536
1650325416.9229054,20627456,73728,3645440,10436608,925696,2834432,44392448,37502976,65536
1650325417.024454,20627456,73728,3653632,10436608,925696,2842624,44392448,37502976,65536
1650325417.1259694,20627456,73728,3653632,10436608,925696,2842624,44392448,37502976,65536
1650325417.227376,20627456,73728,3653632,10436608,925696,2842624,44392448,37502976,65536
1650325417.32879,20627456,73728,3653632,10436608,925696,2842624,44392448,37502976,65536
1650325417.4300027,20627456,73728,3661824,10436608,925696,2842624,44392448,37502976,65536
1650325417.5312068,20627456,73728,3661824,10436608,925696,2850816,44392448,37502976,65536
1650325417.6327593,20627456,73728,3661824,10436608,925696,2850816,44392448,37502976,65536
1650325417.7341006,20627456,73728,3661824,10436608,925696,2850816,44392448,37502976,65536
1650325417.83537,20627456,73728,3661824,10436608,925696,2850816,44392448,37502976,65536
1650325417.9367778,20627456,73728,3670016,10436608,925696,2850816,44392448,37502976,65536
1650325418.038105,20627456,73728,3670016,10436608,925696,2850816,44392448,37502976,65536
1650325418.1393325,20627456,73728,3670016,10436608,925696,2859008,44392448,37502976,65536
1650325418.240617,20627456,73728,3670016,10436608,925696,2859008,44392448,37502976,65536
1650325418.3420122,20627456,73728,3678208,10436608,925696,2859008,44392448,37502976,65536
1650325418.4433258,20627456,73728,3678208,10436608,925696,2859008,44392448,37502976,65536
1650325418.5446973,20627456,73728,3678208,10436608,925696,2859008,44392448,37502976,65536
1650325418.6461709,20627456,73728,3678208,10436608,925696,2867200,44392448,37502976,65536
1650325418.7475088,20635648,73728,3686400,10436608,925696,2867200,44392448,37502976,65536
1650325418.8486328,20635648,73728,3686400,10436608,925696,2867200,44392448,37502976,65536
1650325418.95002,20635648,73728,3686400,10436608,925696,2867200,44392448,37511168,65536
1650325419.051219,20635648,73728,3686400,10436608,925696,2867200,44392448,37511168,65536
1650325419.1525185,20635648,73728,3694592,10436608,925696,2875392,44392448,37511168,65536
1650325419.2538087,20635648,73728,3694592,10436608,925696,2875392,44392448,37511168,65536
1650325419.355223,20635648,73728,3694592,10436608,925696,2875392,44392448,37511168,65536
1650325419.4567559,20635648,73728,3694592,10436608,925696,2875392,44392448,37511168,65536
1650325419.5581117,20635648,73728,3702784,10436608,925696,2875392,44392448,37511168,65536
1650325419.659327,20635648,73728,3702784,10436608,925696,2875392,44392448,37511168,65536
1650325419.760592,20635648,73728,3702784,10436608,925696,2883584,44392448,37511168,65536
1650325419.861817,20635648,73728,3702784,10436608,925696,2883584,44392448,37511168,65536
1650325419.963325,20635648,73728,3702784,10436608,925696,2883584,44392448,37511168,65536
1650325420.0651608,20635648,73728,3702784,10436608,925696,2883584,44392448,37511168,65536
1650325420.1670506,20635648,73728,3702784,10436608,925696,2883584,44392448,37511168,65536
1650325420.2687893,20635648,73728,3702784,10436608,925696,2883584,44392448,37511168,65536
1650325420.3704383,20635648,73728,3702784,10436608,925696,2883584,44392448,37511168,65536
1650325420.4721947,20635648,73728,3702784,10436608,925696,2883584,44392448,37511168,65536
1650325420.573971,20635648,73728,3702784,10436608,925696,2883584,44392448,37511168,65536
1650325420.6757212,20635648,73728,3702784,10436608,925696,2883584,44392448,37511168,65536
